compound,auid,aurl,spacegroup_relax,Pearson_symbol_relax,species,enthalpy_formation_atom
C1Ge1,aflow:8fea397ef68c9f59,aflowlib.duke.edu:AFLOWDATA/ICSD_WEB/FCC/C1Ge1_ICSD_182364,225,cF8,"['C', 'Ge']",1.28253
C1Hf1,aflow:046344f57f96f998,aflowlib.duke.edu:AFLOWDATA/ICSD_WEB/FCC/C1Hf1_ICSD_618012,225,cF8,"['C', 'Hf']",-0.947977
C1Hf1,aflow:1031a906d6c69629,aflowlib.duke.edu:AFLOWDATA/ICSD_WEB/FCC/C1Hf1_ICSD_618010,225,cF8,"['C', 'Hf']",-0.947974
C1Hf1,aflow:18286b464067d75b,aflowlib.duke.edu:AFLOWDATA/ICSD_WEB/FCC/C1Hf1_ICSD_22262,225,cF8,"['C', 'Hf']",-0.947364
C1Hf1,aflow:1816b6ef01585430,aflowlib.duke.edu:AFLOWDATA/ICSD_WEB/FCC/C1Hf1_ICSD_618013,225,cF8,"['C', 'Hf']",-0.947977
C1Hf1,aflow:25c4c4493c9951be,aflowlib.duke.edu:AFLOWDATA/ICSD_WEB/FCC/C1Hf1_ICSD_658336,225,cF8,"['C', 'Hf']",-0.947979
C1Hf1,aflow:25be0269896a849d,aflowlib.duke.edu:AFLOWDATA/ICSD_WEB/FCC/C1Hf1_ICSD_618016,225,cF8,"['C', 'Hf']",-0.947977
C1Hf1,aflow:262d6ed98d4e2449,aflowlib.duke.edu:AFLOWDATA/ICSD_WEB/FCC/C1Hf1_ICSD_618017,225,cF8,"['C', 'Hf']",-0.947981
C1Hf1,aflow:2d6558879a325b90,aflowlib.duke.edu:AFLOWDATA/ICSD_WEB/FCC/C1Hf1_ICSD_618009,225,cF8,"['C', 'Hf']",-0.947979
C1Hf1,aflow:3d14dafa0b983e6f,aflowlib.duke.edu:AFLOWDATA/ICSD_WEB/FCC/C1Hf1_ICSD_185978,225,cF8,"['C', 'Hf']",-0.947367
C1Hf1,aflow:549dd4bfb5e47d59,aflowlib.duke.edu:AFLOWDATA/ICSD_WEB/FCC/C1Hf1_ICSD_618020,225,cF8,"['C', 'Hf']",-0.947971
C1Hf1,aflow:57bfe7dcf5996ae5,aflowlib.duke.edu:AFLOWDATA/ICSD_WEB/FCC/C1Hf1_ICSD_180600,225,cF8,"['C', 'Hf']",-0.947977
C1Hf1,aflow:5ea90ae725dab419,aflowlib.duke.edu:AFLOWDATA/ICSD_WEB/FCC/C1Hf1_ICSD_618008,225,cF8,"['C', 'Hf']",-0.947979
C1Hf1,aflow:6b88d0acce6b4be2,aflowlib.duke.edu:AFLOWDATA/ICSD_WEB/FCC/C1Hf1_ICSD_618002,225,cF8,"['C', 'Hf']",-0.947365
C1Hf1,aflow:7942e3d3f1880e9c,aflowlib.duke.edu:AFLOWDATA/ICSD_WEB/FCC/C1Hf1_ICSD_181793,225,cF8,"['C', 'Hf']",-0.947367
C1Hf1,aflow:84235ab433d829a7,aflowlib.duke.edu:AFLOWDATA/ICSD_WEB/FCC/C1Hf1_ICSD_618015,225,cF8,"['C', 'Hf']",-0.947977
C1Hf1,aflow:860a8b2eed0acca4,aflowlib.duke.edu:AFLOWDATA/ICSD_WEB/FCC/C1Hf1_ICSD_618005,225,cF8,"['C', 'Hf']",-0.947977
C1Hf1,aflow:92d6b24b8eab0e1d,aflowlib.duke.edu:AFLOWDATA/ICSD_WEB/FCC/C1Hf1_ICSD_618011,225,cF8,"['C', 'Hf']",-0.947979
C1Hf1,aflow:93de5cdf2d177f28,aflowlib.duke.edu:AFLOWDATA/ICSD_WEB/FCC/C1Hf1_ICSD_618003,225,cF8,"['C', 'Hf']",-0.947974
C1Hf1,aflow:b47a366c761301a7,aflowlib.duke.edu:AFLOWDATA/ICSD_WEB/FCC/C1Hf1_ICSD_108134,225,cF8,"['C', 'Hf']",-0.947977
C1Hf1,aflow:b4ded597920b5b86,aflowlib.duke.edu:AFLOWDATA/ICSD_WEB/FCC/C1Hf1_ICSD_617998,225,cF8,"['C', 'Hf']",-0.947974
C1Hf1,aflow:b9c23eaefce99ab9,aflowlib.duke.edu:AFLOWDATA/ICSD_WEB/FCC/C1Hf1_ICSD_658398,225,cF8,"['C', 'Hf']",-0.947977
C1Hf1,aflow:bc1de4e7059afc64,aflowlib.duke.edu:AFLOWDATA/ICSD_WEB/FCC/C1Hf1_ICSD_617997,225,cF8,"['C', 'Hf']",-0.947974
C1Hf1,aflow:be6d72090aeac184,aflowlib.duke.edu:AFLOWDATA/ICSD_WEB/FCC/C1Hf1_ICSD_159873,225,cF8,"['C', 'Hf']",-0.947977
C1Hf1,aflow:c1e3fc043f434484,aflowlib.duke.edu:AFLOWDATA/ICSD_WEB/FCC/C1Hf1_ICSD_618004,225,cF8,"['C', 'Hf']",-0.947977
C1Hf1,aflow:d03317b40ac91dce,aflowlib.duke.edu:AFLOWDATA/ICSD_WEB/FCC/C1Hf1_ICSD_618018,225,cF8,"['C', 'Hf']",-0.947979
C1Hf1,aflow:d7f08593d965949a,aflowlib.duke.edu:AFLOWDATA/ICSD_WEB/FCC/C1Hf1_ICSD_618001,225,cF8,"['C', 'Hf']",-0.947974
C1Hf1,aflow:dc287cb038048c4a,aflowlib.duke.edu:AFLOWDATA/ICSD_WEB/FCC/C1Hf1_ICSD_618000,225,cF8,"['C', 'Hf']",-0.947974
C1Si1,aflow:0e5c7dd4d4402dff,aflowlib.duke.edu:AFLOWDATA/ICSD_WEB/FCC/C1Si1_ICSD_182362,225,cF8,"['C', 'Si']",0.535123
C1Tl1,aflow:becbc8b7468a7e42,aflowlib.duke.edu:AFLOWDATA/ICSD_WEB/FCC/C1Tl1_ICSD_618972,225,cF8,"['C', 'Tl']",2.10401
C1Y1,aflow:10e56bff43e34aa4,aflowlib.duke.edu:AFLOWDATA/ICSD_WEB/FCC/C1Y1_ICSD_181049,225,cF8,"['C', 'Y']",0.036698
C1Y1,aflow:47013f976c7d433b,aflowlib.duke.edu:AFLOWDATA/ICSD_WEB/FCC/C1Y1_ICSD_183159,225,cF8,"['C', 'Y']",0.036699
C1Zr1,aflow:03eb1cb4fb561e6a,aflowlib.duke.edu:AFLOWDATA/ICSD_WEB/FCC/C1Zr1_ICSD_619174,225,cF8,"['C', 'Zr']",-0.812584
C1Zr1,aflow:0fcac9b5bc44e7f4,aflowlib.duke.edu:AFLOWDATA/ICSD_WEB/FCC/C1Zr1_ICSD_619170,225,cF8,"['C', 'Zr']",-0.812584
C1Zr1,aflow:0f48656c8f1dcb62,aflowlib.duke.edu:AFLOWDATA/ICSD_WEB/FCC/C1Zr1_ICSD_181092,225,cF8,"['C', 'Zr']",-0.812472
C1Zr1,aflow:133de7a2c68574c0,aflowlib.duke.edu:AFLOWDATA/ICSD_WEB/FCC/C1Zr1_ICSD_619154,225,cF8,"['C', 'Zr']",-0.812585
C1Zr1,aflow:15da08280f56843c,aflowlib.duke.edu:AFLOWDATA/ICSD_WEB/FCC/C1Zr1_ICSD_619155,225,cF8,"['C', 'Zr']",-0.812585
C1Zr1,aflow:18dba5d40dc304e1,aflowlib.duke.edu:AFLOWDATA/ICSD_WEB/FCC/C1Zr1_ICSD_619166,225,cF8,"['C', 'Zr']",-0.812584
C1Zr1,aflow:183cdd9f310af68b,aflowlib.duke.edu:AFLOWDATA/ICSD_WEB/FCC/C1Zr1_ICSD_619173,225,cF8,"['C', 'Zr']",-0.812584
C1Zr1,aflow:1f976b430cdd9d6c,aflowlib.duke.edu:AFLOWDATA/ICSD_WEB/FCC/C1Zr1_ICSD_619175,225,cF8,"['C', 'Zr']",-0.812584
C1Zr1,aflow:20c8d17e538fab88,aflowlib.duke.edu:AFLOWDATA/ICSD_WEB/FCC/C1Zr1_ICSD_26954,225,cF8,"['C', 'Zr']",-0.81258
C1Zr1,aflow:2162b8124cd47c72,aflowlib.duke.edu:AFLOWDATA/ICSD_WEB/FCC/C1Zr1_ICSD_619149,225,cF8,"['C', 'Zr']",-0.812584
C1Zr1,aflow:2b168367b23eff8c,aflowlib.duke.edu:AFLOWDATA/ICSD_WEB/FCC/C1Zr1_ICSD_619172,225,cF8,"['C', 'Zr']",-0.812584
C1Zr1,aflow:32a60e233e32d8b7,aflowlib.duke.edu:AFLOWDATA/ICSD_WEB/FCC/C1Zr1_ICSD_22264,225,cF8,"['C', 'Zr']",-0.812503
C1Zr1,aflow:485023024cc08d40,aflowlib.duke.edu:AFLOWDATA/ICSD_WEB/FCC/C1Zr1_ICSD_181094,225,cF8,"['C', 'Zr']",-0.812476
C1Zr1,aflow:49d121a84439373c,aflowlib.duke.edu:AFLOWDATA/ICSD_WEB/FCC/C1Zr1_ICSD_619153,225,cF8,"['C', 'Zr']",-0.812584
C1Zr1,aflow:4b7041afb516d49d,aflowlib.duke.edu:AFLOWDATA/ICSD_WEB/FCC/C1Zr1_ICSD_600759,225,cF8,"['C', 'Zr']",-0.812584
C1Zr1,aflow:4dc9cd1ca585b0ee,aflowlib.duke.edu:AFLOWDATA/ICSD_WEB/FCC/C1Zr1_ICSD_619177,225,cF8,"['C', 'Zr']",-0.812584
C1Zr1,aflow:4ee03671ffd2377d,aflowlib.duke.edu:AFLOWDATA/ICSD_WEB/FCC/C1Zr1_ICSD_180599,225,cF8,"['C', 'Zr']",-0.812605
C1Zr1,aflow:500449d8ef62b879,aflowlib.duke.edu:AFLOWDATA/ICSD_WEB/FCC/C1Zr1_ICSD_619159,225,cF8,"['C', 'Zr']",-0.812584
C1Zr1,aflow:50de673176fc4d75,aflowlib.duke.edu:AFLOWDATA/ICSD_WEB/FCC/C1Zr1_ICSD_44495,225,cF8,"['C', 'Zr']",-0.812584
C1Zr1,aflow:6c2ea7071b159697,aflowlib.duke.edu:AFLOWDATA/ICSD_WEB/FCC/C1Zr1_ICSD_619162,225,cF8,"['C', 'Zr']",-0.812473
C1Zr1,aflow:713d63f11897ee08,aflowlib.duke.edu:AFLOWDATA/ICSD_WEB/FCC/C1Zr1_ICSD_619171,225,cF8,"['C', 'Zr']",-0.812584
C1Zr1,aflow:7c26743ac2d30309,aflowlib.duke.edu:AFLOWDATA/ICSD_WEB/FCC/C1Zr1_ICSD_619158,225,cF8,"['C', 'Zr']",-0.812584
C1Zr1,aflow:7fcdc61f5b25c0ae,aflowlib.duke.edu:AFLOWDATA/ICSD_WEB/FCC/C1Zr1_ICSD_619148,225,cF8,"['C', 'Zr']",-0.812584
C1Zr1,aflow:958796bb962acec5,aflowlib.duke.edu:AFLOWDATA/ICSD_WEB/FCC/C1Zr1_ICSD_181093,225,cF8,"['C', 'Zr']",-0.812497
C1Zr1,aflow:969c7b54042836b7,aflowlib.duke.edu:AFLOWDATA/ICSD_WEB/FCC/C1Zr1_ICSD_619156,225,cF8,"['C', 'Zr']",-0.812584
C1Zr1,aflow:9b3347c081b24034,aflowlib.duke.edu:AFLOWDATA/ICSD_WEB/FCC/C1Zr1_ICSD_619163,225,cF8,"['C', 'Zr']",-0.812553
C1Zr1,aflow:9b50ad20510e7cf6,aflowlib.duke.edu:AFLOWDATA/ICSD_WEB/FCC/C1Zr1_ICSD_619152,225,cF8,"['C', 'Zr']",-0.812584
C1Zr1,aflow:b0cbd003f5b198c0,aflowlib.duke.edu:AFLOWDATA/ICSD_WEB/FCC/C1Zr1_ICSD_619150,225,cF8,"['C', 'Zr']",-0.812585
C1Zr1,aflow:b197dbd0d14a2d09,aflowlib.duke.edu:AFLOWDATA/ICSD_WEB/FCC/C1Zr1_ICSD_619169,225,cF8,"['C', 'Zr']",-0.812584
C1Zr1,aflow:b25daffa5043bc2c,aflowlib.duke.edu:AFLOWDATA/ICSD_WEB/FCC/C1Zr1_ICSD_619157,225,cF8,"['C', 'Zr']",-0.812584
C1Zr1,aflow:b652e182b2677f30,aflowlib.duke.edu:AFLOWDATA/ICSD_WEB/FCC/C1Zr1_ICSD_159874,225,cF8,"['C', 'Zr']",-0.812584
C1Zr1,aflow:bf9684dfac10bd96,aflowlib.duke.edu:AFLOWDATA/ICSD_WEB/FCC/C1Zr1_ICSD_619178,225,cF8,"['C', 'Zr']",-0.812584
C1Zr1,aflow:c1548f00c3b2c8cd,aflowlib.duke.edu:AFLOWDATA/ICSD_WEB/FCC/C1Zr1_ICSD_658333,225,cF8,"['C', 'Zr']",-0.812584
C1Zr1,aflow:cf2bfe97c7eb6a5c,aflowlib.duke.edu:AFLOWDATA/ICSD_WEB/FCC/C1Zr1_ICSD_619160,225,cF8,"['C', 'Zr']",-0.812584
C1Zr1,aflow:d25e10e9355a2583,aflowlib.duke.edu:AFLOWDATA/ICSD_WEB/FCC/C1Zr1_ICSD_183161,225,cF8,"['C', 'Zr']",-0.812473
C1Zr1,aflow:eb512a6ba49ae3b7,aflowlib.duke.edu:AFLOWDATA/ICSD_WEB/FCC/C1Zr1_ICSD_44730,225,cF8,"['C', 'Zr']",-0.812584
C1Zr1,aflow:ef852882fb4823d8,aflowlib.duke.edu:AFLOWDATA/ICSD_WEB/FCC/C1Zr1_ICSD_658395,225,cF8,"['C', 'Zr']",-0.812584
C1Zr1,aflow:f0ed850811f6ae04,aflowlib.duke.edu:AFLOWDATA/ICSD_WEB/FCC/C1Zr1_ICSD_619147,225,cF8,"['C', 'Zr']",-0.812582
C1Zr1,aflow:f2964dfcf8a3da8a,aflowlib.duke.edu:AFLOWDATA/ICSD_WEB/FCC/C1Zr1_ICSD_619151,225,cF8,"['C', 'Zr']",-0.812584
C1Zr1,aflow:f2476f0b8c1c6818,aflowlib.duke.edu:AFLOWDATA/ICSD_WEB/FCC/C1Zr1_ICSD_181788,225,cF8,"['C', 'Zr']",-0.812472
C1Zr1,aflow:f6e9f5bb1bc2d52a,aflowlib.duke.edu:AFLOWDATA/ICSD_WEB/FCC/C1Zr1_ICSD_181141,225,cF8,"['C', 'Zr']",-0.812472
C1Zr1,aflow:fd9dcba419a72837,aflowlib.duke.edu:AFLOWDATA/ICSD_WEB/FCC/C1Zr1_ICSD_619179,225,cF8,"['C', 'Zr']",-0.812584
