compound,auid,aurl,spacegroup_relax,Pearson_symbol_relax,species,spin_d_carbon,spin_d_metal,egap,thermal_expansion,debye_temperature,formation_enthalpy,natoms,volume_cell,lattice_parameter,bulk_modulus,poissons_ratio,shear_modulus,youngs_modulus,thermal_conductivity
Ag1C1,aflow:1f38ccafe2d28fa6,aflowlib.duke.edu:AFLOWDATA/LIB2_WEB/AgC/4,225,cF8,"['Ag', 'C']",0.0,0.0,,,,2.23388,2,25.4245,4.66771291734409,,,,,
Ag1C1,aflow:251a1bdcc246b844,aflowlib.duke.edu:AFLOWDATA/LIB2_WEB/AgC/201,225,cF8,"['Ag', 'C']",0.0,0.0,,,,2.23382,2,25.4359,4.668410459427123,,,,,
Ag1C1,aflow:2c84cd06c8faa827,aflowlib.duke.edu:AFLOWDATA/LIB2_WEB/AgC/720.BA,225,cF8,"['Ag', 'C']",0.0,0.0,,,,2.23382,2,25.4359,4.668410459427123,,,,,
Ag1C1,aflow:4d0e5a73b8a361cf,aflowlib.duke.edu:AFLOWDATA/LIB2_WEB/AgC/720.AB,225,cF8,"['Ag', 'C']",0.0,0.0,,,,2.23382,2,25.4359,4.668410459427123,,,,,
Ag1C1,aflow:888eb1ac47489d36,aflowlib.duke.edu:AFLOWDATA/LIB2_WEB/AgC/ICSD_183175.AB,225,cF8,"['Ag', 'C']",0.0,0.0,,,,2.23382,2,25.4359,4.668410459427123,,,,,
Ag2C2,aflow:a4097eddcd5df0cd,aflowlib.duke.edu:AFLOWDATA/LIB2_WEB/AgC/119,225,cF8,"['Ag', 'C']",0.0,0.0,,,,2.2328,4,50.8038,4.66632945409171,,,,,
Al1C1,aflow:17d0dd54d67209e7,aflowlib.duke.edu:AFLOWDATA/LIB2_WEB/AlC/720.BA,225,cF8,"['Al', 'C']",0.0,0.0,,,,0.485762,2,19.4472,4.268798847502474,,,,,
Al1C1,aflow:70a426f52fcb6273,aflowlib.duke.edu:AFLOWDATA/LIB2_WEB/AlC/201,225,cF8,"['Al', 'C']",0.0,0.0,,,,0.485762,2,19.4472,4.268798847502474,,,,,
Al1C1,aflow:9ffee3ad9994f9a1,aflowlib.duke.edu:AFLOWDATA/LIB2_WEB/AlC/720.AB,225,cF8,"['Al', 'C']",0.0,0.0,,,,0.485762,2,19.4472,4.268798847502474,,,,,
Al2C2,aflow:02f185763b366132,aflowlib.duke.edu:AFLOWDATA/LIB2_WEB/AlC/448,225,cF8,"['Al', 'C']",0.0,0.0,,,,0.485121,4,38.8982,4.268937864150703,,,,,
Al2C2,aflow:0750c9fde300c7b9,aflowlib.duke.edu:AFLOWDATA/LIB2_WEB/AlC/447,225,cF8,"['Al', 'C']",0.0,0.0,,,,0.485111,4,38.8967,4.26888299023959,,,,,
Al2C2,aflow:38b1d2816a63fcda,aflowlib.duke.edu:AFLOWDATA/LIB2_WEB/AlC/20,225,cF8,"['Al', 'C']",0.0,0.0,,,,0.484823,4,38.9048,4.269179292601855,,,,,
Al2C2,aflow:40b23ce4632d808d,aflowlib.duke.edu:AFLOWDATA/LIB2_WEB/AlC/77,225,cF8,"['Al', 'C']",0.0,0.0,,,,0.484856,4,38.9021,4.269080529717806,,,,,
Al2C2,aflow:9a89d4ce35fc0bb6,aflowlib.duke.edu:AFLOWDATA/LIB2_WEB/AlC/14,225,cF8,"['Al', 'C']",0.0,0.0,,,,0.486812,4,38.9135,4.269497497481464,,,,,
Al3C3,aflow:799ac2f79febb96b,aflowlib.duke.edu:AFLOWDATA/LIB2_WEB/AlC/136,225,cF8,"['Al', 'C']",0.0,0.0,,,,0.486453,6,58.3331,4.268591525154436,,,,,
Al4C4,aflow:ba55928a41c867c4,aflowlib.duke.edu:AFLOWDATA/LIB2_WEB/AlC/256,225,cF8,"['Al', 'C']",0.0,0.0,,,,0.485878,8,77.8084,4.269157345689188,,,,,
As1C1,aflow:107b112353b58826,aflowlib.duke.edu:AFLOWDATA/LIB2_WEB/AsC/201,225,cF8,"['As', 'C']",0.0,0.0,,,,1.48206,2,22.4802,4.480089815376233,,,,,
As1C1,aflow:5aa863a7336768eb,aflowlib.duke.edu:AFLOWDATA/LIB2_WEB/AsC/720.BA,225,cF8,"['As', 'C']",0.0,0.0,,,,1.48206,2,22.4802,4.480089815376233,,,,,
As1C1,aflow:6bfd38d61c81dd9f,aflowlib.duke.edu:AFLOWDATA/LIB2_WEB/AsC/4,225,cF8,"['As', 'C']",0.0,0.0,,,,1.48208,2,22.4782,4.479956951116951,,,,,
As1C1,aflow:a45a88c13a026cbd,aflowlib.duke.edu:AFLOWDATA/LIB2_WEB/AsC/720.AB,225,cF8,"['As', 'C']",0.0,0.0,,,,1.48206,2,22.4802,4.480089815376233,,,,,
Au1C1,aflow:2935fed31328dbd3,aflowlib.duke.edu:AFLOWDATA/LIB2_WEB/AuC/4,225,cF8,"['Au', 'C']",0.0,0.0,,,,2.08801,2,25.4909,4.671772868876168,,,,,
Au1C1,aflow:4145230b5201b8ee,aflowlib.duke.edu:AFLOWDATA/LIB2_WEB/AuC/720.BA,225,cF8,"['Au', 'C']",0.0,0.0,,,,2.08796,2,25.4985,4.672237112270051,,,,,
Au1C1,aflow:42601f5bda87f016,aflowlib.duke.edu:AFLOWDATA/LIB2_WEB/AuC/720.AB,225,cF8,"['Au', 'C']",0.0,0.0,,,,2.08796,2,25.4985,4.672237112270051,,,,,
Au1C1,aflow:923806b166275351,aflowlib.duke.edu:AFLOWDATA/LIB2_WEB/AuC/201,225,cF8,"['Au', 'C']",0.0,0.0,,,,2.08796,2,25.4985,4.672237112270051,,,,,
Au2C2,aflow:d07066fcb4ab123e,aflowlib.duke.edu:AFLOWDATA/LIB2_WEB/AuC/447,225,cF8,"['Au', 'C']",0.0,0.0,,,,2.08451,4,50.962,4.671167992362114,,,,,
B1C1,aflow:2871c0a4d75aff0b,aflowlib.duke.edu:AFLOWDATA/LIB2_WEB/B_hC/720.AB,225,cF8,"['B', 'C']",0.0,0.0,,,,1.41832,2,11.6,3.5934035582861052,,,,,
B1C1,aflow:c912c0d573c0ae57,aflowlib.duke.edu:AFLOWDATA/LIB2_WEB/B_hC/720.BA,225,cF8,"['B', 'C']",0.0,0.0,,,,1.41832,2,11.6,3.5934035582861052,,,,,
B1C1,aflow:cf93a9ede3ab39eb,aflowlib.duke.edu:AFLOWDATA/LIB2_WEB/B_hC/201,225,cF8,"['B', 'C']",0.0,0.0,,,,1.41832,2,11.6,3.5934035582861052,,,,,
B2C2,aflow:09c6a42684d071af,aflowlib.duke.edu:AFLOWDATA/LIB2_WEB/B_hC/119,225,cF8,"['B', 'C']",0.0,0.0,,,,1.42094,4,23.181,3.592422332506054,,,,,
B2C2,aflow:be39bd0baf275064,aflowlib.duke.edu:AFLOWDATA/LIB2_WEB/B_hC/448,225,cF8,"['B', 'C']",0.0,0.0,,,,1.42118,4,23.198,3.593300296595819,,,,,
Ba1C1,aflow:3d7c87186585bd5c,aflowlib.duke.edu:AFLOWDATA/LIB2_WEB/Ba_svC/720.BA,225,cF8,"['Ba', 'C']",0.806,0.149,,,,1.39193,2,54.5947,6.021945560128544,,,,,
Ba1C1,aflow:425d69d2ed19802d,aflowlib.duke.edu:AFLOWDATA/LIB2_WEB/Ba_svC/720.AB,225,cF8,"['Ba', 'C']",0.806,0.149,,,,1.39193,2,54.5947,6.021945560128544,,,,,
Ba1C1,aflow:5e62b59a121befe4,aflowlib.duke.edu:AFLOWDATA/LIB2_WEB/Ba_svC/201,225,cF8,"['Ba', 'C']",0.806,0.149,,,,1.39193,2,54.5947,6.021945560128544,,,,,
Ba1C1,aflow:f6641b23cd252f2e,aflowlib.duke.edu:AFLOWDATA/LIB2_WEB/Ba_svC/4,225,cF8,"['Ba', 'C']",0.806,0.149,,,,1.39222,2,54.5989,6.02209998001912,,,,,
Ba2C2,aflow:339b48bcb114c4c0,aflowlib.duke.edu:AFLOWDATA/LIB2_WEB/Ba_svC/197,225,cF8,"['Ba', 'C']",0.807,0.149,,,,1.39226,4,109.126,6.020779802075375,,,,,
Ba2C2,aflow:85033a12ea331bec,aflowlib.duke.edu:AFLOWDATA/LIB2_WEB/Ba_svC/77,225,cF8,"['Ba', 'C']",0.807,0.149,,,,1.39227,4,109.218,6.022471290672599,,,,,
Ba2C2,aflow:9b66ac6561cbafb8,aflowlib.duke.edu:AFLOWDATA/LIB2_WEB/Ba_svC/71,225,cF8,"['Ba', 'C']",0.807,0.149,,,,1.39205,4,109.113,6.020540710732351,,,,,
Ba2C2,aflow:bb7ea2f28dc46ade,aflowlib.duke.edu:AFLOWDATA/LIB2_WEB/Ba_svC/14,225,cF8,"['Ba', 'C']",0.806,0.149,,,,1.39229,4,109.126,6.020779802075375,,,,,
Be1C1,aflow:9ea4d5b3ab249d3b,aflowlib.duke.edu:AFLOWDATA/LIB2_WEB/Be_svC/201,225,cF8,"['Be', 'C']",0.0,0.0,,,,1.30177,2,14.464,3.867670501689311,,,,,
Be1C1,aflow:cb1a759c8e8866ad,aflowlib.duke.edu:AFLOWDATA/LIB2_WEB/Be_svC/720.AB,225,cF8,"['Be', 'C']",0.0,0.0,,,,1.30177,2,14.464,3.867670501689311,,,,,
Be1C1,aflow:f537e74e65be3a0e,aflowlib.duke.edu:AFLOWDATA/LIB2_WEB/Be_svC/720.BA,225,cF8,"['Be', 'C']",0.0,0.0,,,,1.30177,2,14.464,3.867670501689311,,,,,
Bi1C1,aflow:06e34f9330c842de,aflowlib.duke.edu:AFLOWDATA/LIB2_WEB/Bi_dC/720.AB,225,cF8,"['Bi', 'C']",0.0,0.0,,,,1.68052,2,33.9123,5.138137778163433,,,,,
Bi1C1,aflow:0870c4a5c0c5d8b2,aflowlib.duke.edu:AFLOWDATA/LIB2_WEB/Bi_dC/201,225,cF8,"['Bi', 'C']",0.0,0.0,,,,1.68052,2,33.9123,5.138137778163433,,,,,
Bi1C1,aflow:2e7ee3cdb53de5d3,aflowlib.duke.edu:AFLOWDATA/LIB2_WEB/Bi_dC/720.BA,225,cF8,"['Bi', 'C']",0.0,0.0,,,,1.68052,2,33.9122,5.138132727741385,,,,,
Bi1C1,aflow:8063e48d83f0808d,aflowlib.duke.edu:AFLOWDATA/LIB2_WEB/Bi_dC/4,225,cF8,"['Bi', 'C']",0.0,0.0,,,,1.68054,2,33.9079,5.137915550200372,,,,,
Bi2C2,aflow:4442afe00999a053,aflowlib.duke.edu:AFLOWDATA/LIB2_WEB/Bi_dC/119,225,cF8,"['Bi', 'C']",0.0,0.0,,,,1.68055,4,67.8295,5.138261510402349,,,,,
Br1C1,aflow:1681afafa482cb4f,aflowlib.duke.edu:AFLOWDATA/LIB2_WEB/BrC/720.AB,225,cF8,"['Br', 'C']",0.0,0.0,,,,2.63074,2,30.4644,4.957745246417941,,,,,
Br1C1,aflow:48c2acae4461a530,aflowlib.duke.edu:AFLOWDATA/LIB2_WEB/BrC/201,225,cF8,"['Br', 'C']",0.0,0.0,,,,2.63074,2,30.4644,4.957745246417941,,,,,
Br1C1,aflow:5f47e633fdd062e5,aflowlib.duke.edu:AFLOWDATA/LIB2_WEB/BrC/720.BA,225,cF8,"['Br', 'C']",0.0,0.0,,,,2.63074,2,30.4644,4.957745246417941,,,,,
Br1C1,aflow:f9ba843bac27981f,aflowlib.duke.edu:AFLOWDATA/LIB2_WEB/BrC/4,225,cF8,"['Br', 'C']",0.0,0.0,,,,2.63076,2,30.4638,4.9577126984091535,,,,,
C1Ca1,aflow:bec04eacd36fbed0,aflowlib.duke.edu:AFLOWDATA/LIB2_WEB/CCa_sv/720.BA,225,cF8,"['C', 'Ca']",0.815,0.135,,,,1.13057,2,36.9423,5.286821417535564,,,,,
C1Ca1,aflow:d4f8ec7c54ac73bf,aflowlib.duke.edu:AFLOWDATA/LIB2_WEB/CCa_sv/201,225,cF8,"['C', 'Ca']",0.815,0.135,,,,1.13057,2,36.9418,5.2867975657212956,,,,,
C1Ca1,aflow:de74d3a0085bdf79,aflowlib.duke.edu:AFLOWDATA/LIB2_WEB/CCa_sv/4,225,cF8,"['C', 'Ca']",0.815,0.135,,,,1.13102,2,36.9095,5.285256282274493,,,,,
C1Ca1,aflow:e405c0ccdd255754,aflowlib.duke.edu:AFLOWDATA/LIB2_WEB/CCa_sv/720.AB,225,cF8,"['C', 'Ca']",0.815,0.135,,,,1.13057,2,36.9418,5.2867975657212956,,,,,
C1Cd1,aflow:5c11d3fe338ee4d9,aflowlib.duke.edu:AFLOWDATA/LIB2_WEB/CCd/201,225,cF8,"['C', 'Cd']",0.0,0.0,,,,1.97771,2,28.5737,4.852983603655075,,,,,
C1Cd1,aflow:7ba2f6b4713017d4,aflowlib.duke.edu:AFLOWDATA/LIB2_WEB/CCd/720.BA,225,cF8,"['C', 'Cd']",0.0,0.0,,,,1.97771,2,28.5737,4.852983603655075,,,,,
C1Cd1,aflow:b86d586a4d8c7933,aflowlib.duke.edu:AFLOWDATA/LIB2_WEB/CCd/720.AB,225,cF8,"['C', 'Cd']",0.0,0.0,,,,1.97771,2,28.5737,4.852983603655075,,,,,
C1Cd1,aflow:d49918f57adc69db,aflowlib.duke.edu:AFLOWDATA/LIB2_WEB/CCd/4,225,cF8,"['C', 'Cd']",0.0,0.0,,,,1.97775,2,28.5758,4.853102489389296,,,,,
C1Co1,aflow:1dd7181652ef69b2,aflowlib.duke.edu:AFLOWDATA/LIB2_WEB/CCo/201,225,cF8,"['C', 'Co']",0.026,0.274,,,,0.819653,2,16.1057,4.008789007525815,,,,,
C1Co1,aflow:1f70e72def8afb2f,aflowlib.duke.edu:AFLOWDATA/LIB2_WEB/CCo/720.AB,225,cF8,"['C', 'Co']",0.026,0.274,,,,0.819653,2,16.1057,4.008789007525815,,,,,
C1Co1,aflow:d63b49bad3700680,aflowlib.duke.edu:AFLOWDATA/LIB2_WEB/CCo/4,225,cF8,"['C', 'Co']",0.026,0.274,,,,0.819668,2,16.1085,4.009021305383348,,,,,
C1Co1,aflow:ffb09b43141f024b,aflowlib.duke.edu:AFLOWDATA/LIB2_WEB/CCo/720.BA,225,cF8,"['C', 'Co']",0.026,0.274,,,,0.819653,2,16.1057,4.008789007525815,,,,,
C1Cr1,aflow:0966002967d38874,aflowlib.duke.edu:AFLOWDATA/LIB2_WEB/CCr_pv/720.AB,225,cF8,"['C', 'Cr']",0.0,-0.002,,,,0.173295,2,16.8723,4.071409259900487,,,,,
C1Cr1,aflow:22440a101d4cd4d9,aflowlib.duke.edu:AFLOWDATA/LIB2_WEB/CCr_pv/4,225,cF8,"['C', 'Cr']",0.0,0.0,,,,0.173466,2,16.869,4.071143804556553,,,,,
C1Cr1,aflow:48383caf30281ea0,aflowlib.duke.edu:AFLOWDATA/LIB2_WEB/CCr_pv/ICSD_57008.AB,225,cF8,"['C', 'Cr']",0.0,-0.003,,,,0.173298,2,16.879,4.071948108231303,,,,,
C1Cr1,aflow:c202668d580fc1be,aflowlib.duke.edu:AFLOWDATA/LIB2_WEB/CCr_pv/201,225,cF8,"['C', 'Cr']",0.0,-0.002,,4.52484e-05,632.947,0.173295,2,16.8723,4.071409259900487,247.842,0.308903,108.553,284.171,14.1711
C1Cr1,aflow:d49ca09aea69740a,aflowlib.duke.edu:AFLOWDATA/LIB2_WEB/CCr_pv/720.BA,225,cF8,"['C', 'Cr']",0.0,0.004,,,,0.173295,2,16.8699,4.0712162049016545,,,,,
C1Cs1,aflow:742589d04d8b0dfa,aflowlib.duke.edu:AFLOWDATA/LIB2_WEB/CCs_sv/77,225,cF8,"['C', 'Cs']",1.193,0.097,,,,2.25759,2,79.1913,6.816778060907099,,,,,
C1Cs1,aflow:a24dc2249e782e11,aflowlib.duke.edu:AFLOWDATA/LIB2_WEB/CCs_sv/256,225,cF8,"['C', 'Cs']",1.193,0.097,,,,2.25759,2,79.1781,6.816399288363538,,,,,
C1Cu1,aflow:76a33ee0735c62ef,aflowlib.duke.edu:AFLOWDATA/LIB2_WEB/CCu_pv/720.BA,225,cF8,"['C', 'Cu']",0.0,0.0,,,,1.7004,2,18.7423,4.216585964665081,,,,,
C1Cu1,aflow:b120307fb592b4f5,aflowlib.duke.edu:AFLOWDATA/LIB2_WEB/CCu_pv/201,225,cF8,"['C', 'Cu']",0.0,0.0,,,,1.70041,2,18.7423,4.216585964665081,,,,,
C1Cu1,aflow:ed9de32ec714b648,aflowlib.duke.edu:AFLOWDATA/LIB2_WEB/CCu_pv/720.AB,225,cF8,"['C', 'Cu']",0.0,0.0,,,,1.70041,2,18.7423,4.216585964665081,,,,,
C1Fe1,aflow:3be2a2bb2f1f6c50,aflowlib.duke.edu:AFLOWDATA/LIB2_WEB/CFe_pv/720.BA,225,cF8,"['C', 'Fe']",0.0,0.0,,,,0.598101,2,15.9242,3.9936733319268525,,,,,
C1Fe1,aflow:6736d65c1c25a697,aflowlib.duke.edu:AFLOWDATA/LIB2_WEB/CFe_pv/201,225,cF8,"['C', 'Fe']",0.0,0.0,,,,0.598101,2,15.9242,3.9936733319268525,,,,,
C1Fe1,aflow:aff2d7466788413a,aflowlib.duke.edu:AFLOWDATA/LIB2_WEB/CFe_pv/4,225,cF8,"['C', 'Fe']",0.0,0.0,,,,0.598135,2,15.9259,3.993815442741035,,,,,
C1Fe1,aflow:b3971f174eb2edc9,aflowlib.duke.edu:AFLOWDATA/LIB2_WEB/CFe_pv/720.AB,225,cF8,"['C', 'Fe']",0.0,0.0,,,,0.598101,2,15.9242,3.9936733319268525,,,,,
C1Ga1,aflow:05104d31d22d981e,aflowlib.duke.edu:AFLOWDATA/LIB2_WEB/CGa_h/720.BA,225,cF8,"['C', 'Ga']",0.0,0.0,,,,1.21423,2,21.1552,4.390281580726517,,,,,
C1Ga1,aflow:2d8d1d2066966492,aflowlib.duke.edu:AFLOWDATA/LIB2_WEB/CGa_h/720.AB,225,cF8,"['C', 'Ga']",0.0,0.0,,,,1.21423,2,21.1549,4.390260827898213,,,,,
C1Ga1,aflow:bba5c91f93a0f4b0,aflowlib.duke.edu:AFLOWDATA/LIB2_WEB/CGa_h/201,225,cF8,"['C', 'Ga']",0.0,0.0,,,,1.21423,2,21.1549,4.390260827898213,,,,,
C1Ga1,aflow:d6ceb8a1d95277ea,aflowlib.duke.edu:AFLOWDATA/LIB2_WEB/CGa_h/4,225,cF8,"['C', 'Ga']",0.0,0.0,,,,1.21425,2,21.1557,4.390316168337707,,,,,
C1Ge1,aflow:0befdf85b67349b8,aflowlib.duke.edu:AFLOWDATA/LIB2_WEB/CGe_h/4,225,cF8,"['C', 'Ge']",0.0,0.0,,,,1.28321,2,21.1403,4.389250619713354,,,,,
C1Ge1,aflow:ab9aba2b86dfb346,aflowlib.duke.edu:AFLOWDATA/LIB2_WEB/CGe_h/720.BA,225,cF8,"['C', 'Ge']",0.0,0.0,,,,1.28308,2,21.1445,4.389541275189761,,,,,
C1Ge1,aflow:b680b5481a177c8f,aflowlib.duke.edu:AFLOWDATA/LIB2_WEB/CGe_h/201,225,cF8,"['C', 'Ge']",0.0,0.0,,,,1.28308,2,21.1446,4.389548195089113,,,,,
C1Ge1,aflow:f9dd32de2f2837d6,aflowlib.duke.edu:AFLOWDATA/LIB2_WEB/CGe_h/720.AB,225,cF8,"['C', 'Ge']",0.0,0.0,,,,1.28308,2,21.1446,4.389548195089113,,,,,
C1Hf1,aflow:187864a52ebfd870,aflowlib.duke.edu:AFLOWDATA/LIB2_WEB/CHf_pv/4,225,cF8,"['C', 'Hf']",0.0,0.0,,,,-0.946816,2,25.1374,4.6500766935360085,,,,,
C1Hf1,aflow:298eb50e872677c5,aflowlib.duke.edu:AFLOWDATA/LIB2_WEB/CHf_pv/ICSD_108134.AB,225,cF8,"['C', 'Hf']",0.0,0.0,,,,-0.946441,2,25.14,4.650237009540463,,,,,
C1Hf1,aflow:2c18151fa32f3a42,aflowlib.duke.edu:AFLOWDATA/LIB2_WEB/CHf_pv/ICSD_658336.AB,225,cF8,"['C', 'Hf']",0.0,0.0,,,,-0.946441,2,25.14,4.650237009540463,,,,,
C1Hf1,aflow:6c0fcbe9e1888638,aflowlib.duke.edu:AFLOWDATA/LIB2_WEB/CHf_pv/201,225,cF8,"['C', 'Hf']",0.0,0.0,,2.25116e-05,537.019,-0.946441,2,25.14,4.650237009540463,237.737,0.189265,186.35,443.239,65.1477
C1Hf1,aflow:c3025169336c51f2,aflowlib.duke.edu:AFLOWDATA/LIB2_WEB/CHf_pv/ICSD_658398.AB,225,cF8,"['C', 'Hf']",0.0,0.0,,,,-0.946441,2,25.14,4.650237009540463,,,,,
C1Hf1,aflow:da8888077d2a388e,aflowlib.duke.edu:AFLOWDATA/LIB2_WEB/CHf_pv/720.BA,225,cF8,"['C', 'Hf']",0.0,0.0,,,,-0.946441,2,25.14,4.650237009540463,,,,,
C1Hf1,aflow:dd616c31dc35ce8e,aflowlib.duke.edu:AFLOWDATA/LIB2_WEB/CHf_pv/720.AB,225,cF8,"['C', 'Hf']",0.0,0.0,,,,-0.946441,2,25.14,4.650237009540463,,,,,
C1Hg1,aflow:6c66a20fa4b3f375,aflowlib.duke.edu:AFLOWDATA/LIB2_WEB/CHg/720.AB,225,cF8,"['C', 'Hg']",0.0,0.0,,,,2.2987,2,29.5864,4.909651945689393,,,,,
C1Hg1,aflow:8e21aa2ad722c6b7,aflowlib.duke.edu:AFLOWDATA/LIB2_WEB/CHg/720.BA,225,cF8,"['C', 'Hg']",0.0,0.0,,,,2.2987,2,29.5865,4.9096574771119545,,,,,
C1Hg1,aflow:aa277a5ba0f0eb50,aflowlib.duke.edu:AFLOWDATA/LIB2_WEB/CHg/4,225,cF8,"['C', 'Hg']",0.0,0.0,,,,2.29871,2,29.5984,4.910315627424753,,,,,
C1Hg1,aflow:d6cd76bd3a607679,aflowlib.duke.edu:AFLOWDATA/LIB2_WEB/CHg/201,225,cF8,"['C', 'Hg']",0.0,0.0,,,,2.2987,2,29.5864,4.909651945689393,,,,,
C1I1,aflow:559666edd309e87d,aflowlib.duke.edu:AFLOWDATA/LIB2_WEB/CI/201,225,cF8,"['C', 'I']",0.0,0.0,,,,2.49298,2,35.8153,5.232503508419954,,,,,
C1I1,aflow:75068cec34fa4d96,aflowlib.duke.edu:AFLOWDATA/LIB2_WEB/CI/720.BA,225,cF8,"['C', 'I']",0.0,0.0,,,,2.49298,2,35.8141,5.232445069016142,,,,,
C1I1,aflow:c5be72f58b1538e5,aflowlib.duke.edu:AFLOWDATA/LIB2_WEB/CI/720.AB,225,cF8,"['C', 'I']",0.0,0.0,,,,2.49297,2,35.8358,5.233501646670835,,,,,
C1I1,aflow:ff06ab80e2d21152,aflowlib.duke.edu:AFLOWDATA/LIB2_WEB/CI/4,225,cF8,"['C', 'I']",0.0,0.0,,,,2.49299,2,35.8271,5.233078093041582,,,,,
C1In1,aflow:39cab9b93e27a161,aflowlib.duke.edu:AFLOWDATA/LIB2_WEB/CIn_d/77,225,cF8,"['C', 'In']",0.0,0.0,,,,1.49652,2,28.1791,4.830540227943172,,,,,
C1In1,aflow:6991092ddebaa81e,aflowlib.duke.edu:AFLOWDATA/LIB2_WEB/CIn_d/4,225,cF8,"['C', 'In']",0.0,0.0,,,,1.49653,2,28.1724,4.830157353343172,,,,,
C1In1,aflow:738b567776da763b,aflowlib.duke.edu:AFLOWDATA/LIB2_WEB/CIn_d/720.BA,225,cF8,"['C', 'In']",0.0,0.0,,,,1.49652,2,28.1798,4.830580226265344,,,,,
C1In1,aflow:81c180ab546e0b67,aflowlib.duke.edu:AFLOWDATA/LIB2_WEB/CIn_d/720.AB,225,cF8,"['C', 'In']",0.0,0.0,,,,1.49652,2,28.1803,4.830608796089925,,,,,
C1In1,aflow:8880c67daee5ffb5,aflowlib.duke.edu:AFLOWDATA/LIB2_WEB/CIn_d/201,225,cF8,"['C', 'In']",0.0,0.0,,,,1.49652,2,28.1803,4.830608796089925,,,,,
C1In1,aflow:e891422ce887a1e7,aflowlib.duke.edu:AFLOWDATA/LIB2_WEB/CIn_d/136,225,cF8,"['C', 'In']",0.0,0.0,,,,1.49652,2,28.1809,4.830643079433346,,,,,
C1Ir1,aflow:944cf44ffafdc0a7,aflowlib.duke.edu:AFLOWDATA/LIB2_WEB/CIr/720.BA,225,cF8,"['C', 'Ir']",0.022,0.122,,,,1.43596,2,21.3805,4.405811879044503,,,,,
C1Ir1,aflow:b90d2c6bc8294279,aflowlib.duke.edu:AFLOWDATA/LIB2_WEB/CIr/720.AB,225,cF8,"['C', 'Ir']",0.022,0.122,,,,1.43596,2,21.3805,4.405811879044503,,,,,
C1Ir1,aflow:f6209e0665124471,aflowlib.duke.edu:AFLOWDATA/LIB2_WEB/CIr/201,225,cF8,"['C', 'Ir']",0.022,0.122,,,,1.43596,2,21.3805,4.405811879044503,,,,,
C1K1,aflow:07b2ecb2ddd2bbb3,aflowlib.duke.edu:AFLOWDATA/LIB2_WEB/CK_sv/201,225,cF8,"['C', 'K']",1.219,0.066,,,,2.30599,2,59.0002,6.17975358862228,,,,,
C1K1,aflow:9055a2afc751d575,aflowlib.duke.edu:AFLOWDATA/LIB2_WEB/CK_sv/720.AB,225,cF8,"['C', 'K']",1.219,0.066,,,,2.30599,2,59.0002,6.17975358862228,,,,,
C1K1,aflow:c9e46f7621aeeb6b,aflowlib.duke.edu:AFLOWDATA/LIB2_WEB/CK_sv/4,225,cF8,"['C', 'K']",1.219,0.066,,,,2.30599,2,58.9782,6.17898539077039,,,,,
C1K1,aflow:dc6a65a0692e9afc,aflowlib.duke.edu:AFLOWDATA/LIB2_WEB/CK_sv/720.BA,225,cF8,"['C', 'K']",1.219,0.066,,,,2.30599,2,59.0002,6.17975358862228,,,,,
C1Li1,aflow:417c0ce5749ebe2a,aflowlib.duke.edu:AFLOWDATA/LIB2_WEB/CLi_sv/720.BA,225,cF8,"['C', 'Li']",0.002,0.0,,,,1.98438,2,19.5685,4.277655862544992,,,,,
C1Li1,aflow:4900091ee53982e0,aflowlib.duke.edu:AFLOWDATA/LIB2_WEB/CLi_sv/201,225,cF8,"['C', 'Li']",0.002,0.0,,,,1.98438,2,19.5686,4.2776631491681805,,,,,
C1Li1,aflow:b99c35c18ed179a3,aflowlib.duke.edu:AFLOWDATA/LIB2_WEB/CLi_sv/720.AB,225,cF8,"['C', 'Li']",0.002,0.0,,,,1.98438,2,19.5686,4.2776631491681805,,,,,
C1Mg1,aflow:62fdf8cac7168ec9,aflowlib.duke.edu:AFLOWDATA/LIB2_WEB/CMg_pv/720.BA,225,cF8,"['C', 'Mg']",0.0,0.0,,,,1.32484,2,24.6965,4.622729345589337,,,,,
C1Mg1,aflow:6465f407b8240d4a,aflowlib.duke.edu:AFLOWDATA/LIB2_WEB/CMg_pv/201,225,cF8,"['C', 'Mg']",0.0,0.0,,,,1.32484,2,24.6958,4.6226856694798295,,,,,
C1Mg1,aflow:b6f37e9dda4ce936,aflowlib.duke.edu:AFLOWDATA/LIB2_WEB/CMg_pv/720.AB,225,cF8,"['C', 'Mg']",0.0,0.0,,,,1.32484,2,24.6958,4.6226856694798295,,,,,
C1Mn1,aflow:0ad606ed1c0d0652,aflowlib.duke.edu:AFLOWDATA/LIB2_WEB/CMn_pv/720.AB,225,cF8,"['C', 'Mn']",-0.14,2.221,,,,0.309524,2,17.1784,4.095883236417577,,,,,
C1Mn1,aflow:12c900a6cb2f67d3,aflowlib.duke.edu:AFLOWDATA/LIB2_WEB/CMn_pv/201,225,cF8,"['C', 'Mn']",-0.14,2.221,,,,0.309524,2,17.1784,4.095883236417577,,,,,
C1Mn1,aflow:78f30e4428ebd929,aflowlib.duke.edu:AFLOWDATA/LIB2_WEB/CMn_pv/720.BA,225,cF8,"['C', 'Mn']",-0.14,2.221,,,,0.309524,2,17.1784,4.095883236417577,,,,,
C1Mn1,aflow:bf6ffc718653b2ed,aflowlib.duke.edu:AFLOWDATA/LIB2_WEB/CMn_pv/4,225,cF8,"['C', 'Mn']",-0.14,2.221,,,,0.309675,2,17.1808,4.096073973273418,,,,,
C1Mo1,aflow:2681365ead45dc92,aflowlib.duke.edu:AFLOWDATA/LIB2_WEB/CMo_pv/720.BA,225,cF8,"['C', 'Mo']",0.0,0.0,,,,0.212185,2,21.0433,4.382527123898472,,,,,
C1Mo1,aflow:4a15609e7db69ef1,aflowlib.duke.edu:AFLOWDATA/LIB2_WEB/CMo_pv/720.AB,225,cF8,"['C', 'Mo']",0.0,0.0,,,,0.212185,2,21.0432,4.38252018180912,,,,,
C1Mo1,aflow:7b24175c455986fe,aflowlib.duke.edu:AFLOWDATA/LIB2_WEB/CMo_pv/ICSD_43523.AB,225,cF8,"['C', 'Mo']",0.0,0.0,,,,0.212185,2,21.0432,4.38252018180912,,,,,
C1Mo1,aflow:7c4604b1a2705be0,aflowlib.duke.edu:AFLOWDATA/LIB2_WEB/CMo_pv/201,225,cF8,"['C', 'Mo']",0.0,0.0,,2.05739e-05,611.957,0.212185,2,21.0433,4.382527123898472,334.083,0.312958,142.779,374.925,40.5291
C1Mo1,aflow:b277e5beb3212b58,aflowlib.duke.edu:AFLOWDATA/LIB2_WEB/CMo_pv/4,225,cF8,"['C', 'Mo']",0.0,0.0,,,,0.212212,2,21.0416,4.3824091053882945,,,,,
C1Na1,aflow:58c5d3054d2d7930,aflowlib.duke.edu:AFLOWDATA/LIB2_WEB/CNa_sv/201,225,cF8,"['C', 'Na']",1.231,0.018,,,,2.49287,2,41.0142,5.474335525372366,,,,,
C1Na1,aflow:e06b039a3f7aee82,aflowlib.duke.edu:AFLOWDATA/LIB2_WEB/CNa_sv/720.AB,225,cF8,"['C', 'Na']",1.231,0.018,,,,2.49287,2,41.0143,5.474339974507117,,,,,
C1Na1,aflow:f884cc8a7bb2c682,aflowlib.duke.edu:AFLOWDATA/LIB2_WEB/CNa_sv/720.BA,225,cF8,"['C', 'Na']",1.231,0.018,,,,2.49299,2,41.0565,5.47621686427708,,,,,
C1Nb1,aflow:2639f075621ed57a,aflowlib.duke.edu:AFLOWDATA/LIB2_WEB/CNb_sv/ICSD_44496.AB,225,cF8,"['C', 'Nb']",0.0,0.0,,,,-0.542614,2,22.6411,4.490753028033807,,,,,
C1Nb1,aflow:4553463d045385b2,aflowlib.duke.edu:AFLOWDATA/LIB2_WEB/CNb_sv/ICSD_155164.AB,225,cF8,"['C', 'Nb']",0.0,0.0,,,,-0.542614,2,22.6411,4.490753028033807,,,,,
C1Nb1,aflow:54afab7ce23a0015,aflowlib.duke.edu:AFLOWDATA/LIB2_WEB/CNb_sv/720.AB,225,cF8,"['C', 'Nb']",0.0,0.0,,,,-0.542618,2,22.6395,4.490647241446494,,,,,
C1Nb1,aflow:667cdc34d29a6a0f,aflowlib.duke.edu:AFLOWDATA/LIB2_WEB/CNb_sv/720.BA,225,cF8,"['C', 'Nb']",0.0,0.0,,,,-0.542614,2,22.6411,4.490753028033807,,,,,
C1Nb1,aflow:90c33e8683590af5,aflowlib.duke.edu:AFLOWDATA/LIB2_WEB/CNb_sv/ICSD_26955.AB,225,cF8,"['C', 'Nb']",0.0,0.0,,,,-0.542614,2,22.6411,4.490753028033807,,,,,
C1Nb1,aflow:a172b6019c70651f,aflowlib.duke.edu:AFLOWDATA/LIB2_WEB/CNb_sv/4,225,cF8,"['C', 'Nb']",0.0,0.0,,,,-0.542917,2,22.6246,4.489661864440774,,,,,
C1Nb1,aflow:aa76acc5d2c7fd57,aflowlib.duke.edu:AFLOWDATA/LIB2_WEB/CNb_sv/201,225,cF8,"['C', 'Nb']",0.0,0.0,,1.8757e-05,730.085,-0.542719,2,22.5558,4.485106316201039,299.616,0.230638,196.74,484.231,75.4542
C1Nb1,aflow:cc651d2e76105e10,aflowlib.duke.edu:AFLOWDATA/LIB2_WEB/CNb_sv/ICSD_44355.AB,225,cF8,"['C', 'Nb']",0.0,0.0,,,,-0.542614,2,22.6411,4.490753028033807,,,,,
C1Nb1,aflow:ce23c1f616dd0610,aflowlib.duke.edu:AFLOWDATA/LIB2_WEB/CNb_sv/ICSD_601142.AB,225,cF8,"['C', 'Nb']",0.0,0.0,,,,-0.542618,2,22.6395,4.490647241446494,,,,,
C1Ni1,aflow:6d16ec700d8e923e,aflowlib.duke.edu:AFLOWDATA/LIB2_WEB/CNi_pv/4,225,cF8,"['C', 'Ni']",0.0,0.0,,,,1.10242,2,16.8114,4.06650481603756,,,,,
C1Ni1,aflow:a9bcdc3041754651,aflowlib.duke.edu:AFLOWDATA/LIB2_WEB/CNi_pv/201,225,cF8,"['C', 'Ni']",0.0,0.0,,,,1.1003,2,16.6481,4.053295088031719,,,,,
C1Ni1,aflow:ae16e80685cb88e0,aflowlib.duke.edu:AFLOWDATA/LIB2_WEB/CNi_pv/720.BA,225,cF8,"['C', 'Ni']",0.0,0.0,,,,1.10133,2,16.7963,4.065286939748725,,,,,
C1Ni1,aflow:d8bbf4400409eea4,aflowlib.duke.edu:AFLOWDATA/LIB2_WEB/CNi_pv/720.AB,225,cF8,"['C', 'Ni']",0.0,0.0,,,,1.10133,2,16.7963,4.065286939748725,,,,,
C1Os1,aflow:65af9f667757139e,aflowlib.duke.edu:AFLOWDATA/LIB2_WEB/COs_pv/201,225,cF8,"['C', 'Os']",0.0,0.0,,,,1.38649,2,20.7564,4.362519095271408,,,,,
C1Os1,aflow:788c729d763ad4f3,aflowlib.duke.edu:AFLOWDATA/LIB2_WEB/COs_pv/720.AB,225,cF8,"['C', 'Os']",0.0,0.0,,,,1.38649,2,20.7564,4.362519095271408,,,,,
C1Os1,aflow:bbd7d57ac0650e12,aflowlib.duke.edu:AFLOWDATA/LIB2_WEB/COs_pv/720.BA,225,cF8,"['C', 'Os']",0.0,0.0,,,,1.38649,2,20.7564,4.362519095271408,,,,,
C1P1,aflow:221e27ddefb4151a,aflowlib.duke.edu:AFLOWDATA/LIB2_WEB/CP/4,225,cF8,"['C', 'P']",0.0,0.0,,,,1.18571,2,18.0332,4.16272380788217,,,,,
C1P1,aflow:36952fad3499d31e,aflowlib.duke.edu:AFLOWDATA/LIB2_WEB/CP/201,225,cF8,"['C', 'P']",0.0,0.0,,,,1.18569,2,18.032,4.162631471166646,,,,,
C1P1,aflow:3994c452996e01b3,aflowlib.duke.edu:AFLOWDATA/LIB2_WEB/CP/720.AB,225,cF8,"['C', 'P']",0.0,0.0,,,,1.18569,2,18.032,4.162631471166646,,,,,
C1P1,aflow:b711f85af066d9b0,aflowlib.duke.edu:AFLOWDATA/LIB2_WEB/CP/720.BA,225,cF8,"['C', 'P']",0.0,0.0,,,,1.18569,2,18.032,4.162631471166646,,,,,
C1Pb1,aflow:973b193dd6bdc1da,aflowlib.duke.edu:AFLOWDATA/LIB2_WEB/CPb_d/720.AB,225,cF8,"['C', 'Pb']",0.0,0.0,,,,1.81176,2,33.1286,5.098248790007728,,,,,
C1Pb1,aflow:b71fcf7ac3ba1474,aflowlib.duke.edu:AFLOWDATA/LIB2_WEB/CPb_d/4,225,cF8,"['C', 'Pb']",0.0,0.0,,,,1.81178,2,33.1265,5.098141062860698,,,,,
C1Pb1,aflow:cab6ecc35db6d1b8,aflowlib.duke.edu:AFLOWDATA/LIB2_WEB/CPb_d/201,225,cF8,"['C', 'Pb']",0.0,0.0,,,,1.81176,2,33.1286,5.098248790007728,,,,,
C1Pb1,aflow:ef3b85baeb8d74c9,aflowlib.duke.edu:AFLOWDATA/LIB2_WEB/CPb_d/720.BA,225,cF8,"['C', 'Pb']",0.0,0.0,,,,1.81176,2,33.1294,5.098289827723397,,,,,
C1Pd1,aflow:1853fed4b441fa09,aflowlib.duke.edu:AFLOWDATA/LIB2_WEB/CPd_pv/720.BA,225,cF8,"['C', 'Pd']",0.0,0.0,,,,1.49112,2,21.9256,4.442940454073288,,,,,
C1Pd1,aflow:9a32e393fe53a94b,aflowlib.duke.edu:AFLOWDATA/LIB2_WEB/CPd_pv/720.AB,225,cF8,"['C', 'Pd']",0.0,0.0,,,,1.49112,2,21.9256,4.442940454073288,,,,,
C1Pd1,aflow:dbe6478da484b0dc,aflowlib.duke.edu:AFLOWDATA/LIB2_WEB/CPd_pv/4,225,cF8,"['C', 'Pd']",0.0,0.0,,,,1.49117,2,21.9247,4.44287966210527,,,,,
C1Pd1,aflow:ed7e078c2c0315c6,aflowlib.duke.edu:AFLOWDATA/LIB2_WEB/CPd_pv/201,225,cF8,"['C', 'Pd']",0.0,0.0,,,,1.49112,2,21.9256,4.442940454073288,,,,,
C1Pt1,aflow:23de2f138f8eaf25,aflowlib.duke.edu:AFLOWDATA/LIB2_WEB/CPt/4,225,cF8,"['C', 'Pt']",0.0,0.0,,,,1.47657,2,22.4177,4.4759340767288815,,,,,
C1Pt1,aflow:2530fd0195050f1f,aflowlib.duke.edu:AFLOWDATA/LIB2_WEB/CPt/720.BA,225,cF8,"['C', 'Pt']",0.0,0.0,,,,1.47654,2,22.4146,4.475727751142896,,,,,
C1Pt1,aflow:c1239a1be07e9833,aflowlib.duke.edu:AFLOWDATA/LIB2_WEB/CPt/201,225,cF8,"['C', 'Pt']",0.0,0.0,,,,1.47654,2,22.4146,4.475727751142896,,,,,
C1Pt1,aflow:e1a5cb54d7eb729d,aflowlib.duke.edu:AFLOWDATA/LIB2_WEB/CPt/720.AB,225,cF8,"['C', 'Pt']",0.0,0.0,,,,1.47654,2,22.4146,4.475727751142896,,,,,
C1Rb1,aflow:089cb0a77466a3b5,aflowlib.duke.edu:AFLOWDATA/LIB2_WEB/CRb_sv/720.BA,225,cF8,"['C', 'Rb']",1.208,0.074,,,,2.30427,2,68.028,6.480112785721734,,,,,
C1Rb1,aflow:1d997472f32e4304,aflowlib.duke.edu:AFLOWDATA/LIB2_WEB/CRb_sv/720.AB,225,cF8,"['C', 'Rb']",1.208,0.074,,,,2.30427,2,68.028,6.480112785721734,,,,,
C1Rb1,aflow:3e0f7ec938c5a8c2,aflowlib.duke.edu:AFLOWDATA/LIB2_WEB/CRb_sv/201,225,cF8,"['C', 'Rb']",1.208,0.074,,,,2.30427,2,68.028,6.480112785721734,,,,,
C1Rb1,aflow:f59a9eb08ed437a1,aflowlib.duke.edu:AFLOWDATA/LIB2_WEB/CRb_sv/4,225,cF8,"['C', 'Rb']",1.207,0.074,,,,2.30427,2,68.0371,6.480401717716143,,,,,
C1Re1,aflow:401cecb8f4293b05,aflowlib.duke.edu:AFLOWDATA/LIB2_WEB/CRe_pv/720.AB,225,cF8,"['C', 'Re']",0.0,0.002,,,,0.936073,2,20.7541,4.362357953574484,,,,,
C1Re1,aflow:4edccf6defd5ffd5,aflowlib.duke.edu:AFLOWDATA/LIB2_WEB/CRe_pv/720.BA,225,cF8,"['C', 'Re']",0.0,0.002,,,,0.936073,2,20.754,4.36235094714369,,,,,
C1Re1,aflow:d5c915940dec0dd9,aflowlib.duke.edu:AFLOWDATA/LIB2_WEB/CRe_pv/201,225,cF8,"['C', 'Re']",0.0,0.002,,,,0.936073,2,20.7541,4.362357953574484,,,,,
C1Rh1,aflow:3ab2ac2944a0fa73,aflowlib.duke.edu:AFLOWDATA/LIB2_WEB/CRh_pv/720.BA,225,cF8,"['C', 'Rh']",0.069,0.179,,,,1.08719,2,20.7052,4.358929120046274,,,,,
C1Rh1,aflow:3f92566875817608,aflowlib.duke.edu:AFLOWDATA/LIB2_WEB/CRh_pv/201,225,cF8,"['C', 'Rh']",0.069,0.179,,,,1.08719,2,20.7052,4.358929120046274,,,,,
C1Rh1,aflow:be9305538dc73eb9,aflowlib.duke.edu:AFLOWDATA/LIB2_WEB/CRh_pv/720.AB,225,cF8,"['C', 'Rh']",0.069,0.179,,,,1.08719,2,20.7052,4.358929120046274,,,,,
C1Ru1,aflow:32cefcad1eab10a9,aflowlib.duke.edu:AFLOWDATA/LIB2_WEB/CRu_pv/720.BA,225,cF8,"['C', 'Ru']",0.0,0.0,,,,0.9054,2,20.1787,4.321664596278663,,,,,
C1Ru1,aflow:39535a6a8b791c08,aflowlib.duke.edu:AFLOWDATA/LIB2_WEB/CRu_pv/720.AB,225,cF8,"['C', 'Ru']",0.0,0.0,,,,0.9054,2,20.1787,4.321664596278663,,,,,
C1Ru1,aflow:52e918ec38633366,aflowlib.duke.edu:AFLOWDATA/LIB2_WEB/CRu_pv/201,225,cF8,"['C', 'Ru']",0.0,0.0,,,,0.9054,2,20.1787,4.321664596278663,,,,,
C1Ru1,aflow:a0169179611bf672,aflowlib.duke.edu:AFLOWDATA/LIB2_WEB/CRu_pv/4,225,cF8,"['C', 'Ru']",0.0,0.0,,,,0.905428,2,20.1773,4.3215646481425205,,,,,
C1Sb1,aflow:327537a9b6e35390,aflowlib.duke.edu:AFLOWDATA/LIB2_WEB/CSb/720.BA,225,cF8,"['C', 'Sb']",0.0,0.0,,,,1.35775,2,29.2625,4.891669867120149,,,,,
C1Sb1,aflow:377fb8fa2435f18e,aflowlib.duke.edu:AFLOWDATA/LIB2_WEB/CSb/720.AB,225,cF8,"['C', 'Sb']",0.0,0.0,,,,1.35775,2,29.2625,4.891669867120149,,,,,
C1Sb1,aflow:7ec2e1ac83071ec8,aflowlib.duke.edu:AFLOWDATA/LIB2_WEB/CSb/201,225,cF8,"['C', 'Sb']",0.0,0.0,,,,1.35775,2,29.2625,4.891669867120149,,,,,
C1Sb1,aflow:bc13ec8b98af05b5,aflowlib.duke.edu:AFLOWDATA/LIB2_WEB/CSb/4,225,cF8,"['C', 'Sb']",0.0,0.0,,,,1.35775,2,29.2635,4.891725588198281,,,,,
C1Sc1,aflow:4abee2d5b9e8b8e0,aflowlib.duke.edu:AFLOWDATA/LIB2_WEB/CSc_sv/720.BA,225,cF8,"['C', 'Sc']",0.0,0.0,,,,-0.141558,2,25.7229,4.68590313606723,,,,,
C1Sc1,aflow:91f57e636b900282,aflowlib.duke.edu:AFLOWDATA/LIB2_WEB/CSc_sv/720.AB,225,cF8,"['C', 'Sc']",0.0,0.0,,,,-0.14156,2,25.7194,4.6856905964639015,,,,,
C1Sc1,aflow:b229b8f278353f2d,aflowlib.duke.edu:AFLOWDATA/LIB2_WEB/CSc_sv/4,225,cF8,"['C', 'Sc']",0.0,0.0,,,,-0.14155,2,25.7265,4.686121728117931,,,,,
C1Sc1,aflow:ea12487434d5db82,aflowlib.duke.edu:AFLOWDATA/LIB2_WEB/CSc_sv/201,225,cF8,"['C', 'Sc']",0.0,0.0,,3.35217e-05,595.138,-0.14156,2,25.7194,4.6856905964639015,153.601,0.307883,67.6882,177.057,26.9782
C1Se1,aflow:2731dd63c9ffacef,aflowlib.duke.edu:AFLOWDATA/LIB2_WEB/CSe/4,225,cF8,"['C', 'Se']",0.0,0.0,,,,1.92352,2,24.3962,4.603916010004621,,,,,
C1Se1,aflow:752ed53755f0762e,aflowlib.duke.edu:AFLOWDATA/LIB2_WEB/CSe/720.AB,225,cF8,"['C', 'Se']",0.0,0.0,,,,1.9235,2,24.3951,4.603846813658089,,,,,
C1Se1,aflow:db5694ab69fe1311,aflowlib.duke.edu:AFLOWDATA/LIB2_WEB/CSe/201,225,cF8,"['C', 'Se']",0.0,0.0,,,,1.9235,2,24.3951,4.603846813658089,,,,,
C1Se1,aflow:ef636bd6528e6bcd,aflowlib.duke.edu:AFLOWDATA/LIB2_WEB/CSe/720.BA,225,cF8,"['C', 'Se']",0.0,0.0,,,,1.9235,2,24.3951,4.603846813658089,,,,,
C1Si1,aflow:03fd9a034edc5209,aflowlib.duke.edu:AFLOWDATA/LIB2_WEB/CSi/4,225,cF8,"['C', 'Si']",0.0,0.0,,,,0.534812,2,16.6844,4.0562389235082374,,,,,
C1Si1,aflow:45197fd0a3a23f9c,aflowlib.duke.edu:AFLOWDATA/LIB2_WEB/CSi/201,225,cF8,"['C', 'Si']",0.0,0.0,,,,0.534804,2,16.6842,4.056222715732786,,,,,
C1Si1,aflow:6ecd750cae69a5af,aflowlib.duke.edu:AFLOWDATA/LIB2_WEB/CSi/720.BA,225,cF8,"['C', 'Si']",0.0,0.0,,,,0.534804,2,16.6842,4.056222715732786,,,,,
C1Si1,aflow:ef32d5a7ebf3e5f2,aflowlib.duke.edu:AFLOWDATA/LIB2_WEB/CSi/720.AB,225,cF8,"['C', 'Si']",0.0,0.0,,,,0.534804,2,16.6842,4.056222715732786,,,,,
C1Sn1,aflow:1e78c439814d5281,aflowlib.duke.edu:AFLOWDATA/LIB2_WEB/CSn/4,225,cF8,"['C', 'Sn']",0.0,0.0,,,,1.25588,2,27.5724,4.795621006301128,,,,,
C1Sn1,aflow:4edd427104c9fb1b,aflowlib.duke.edu:AFLOWDATA/LIB2_WEB/CSn/720.BA,225,cF8,"['C', 'Sn']",0.0,0.0,,,,1.25588,2,27.5679,4.795360099637811,,,,,
C1Sn1,aflow:9afc4e2c29b9f9ba,aflowlib.duke.edu:AFLOWDATA/LIB2_WEB/CSn/720.AB,225,cF8,"['C', 'Sn']",0.0,0.0,,,,1.25588,2,27.5678,4.795354301389489,,,,,
C1Sn1,aflow:fb0d6579570dda0b,aflowlib.duke.edu:AFLOWDATA/LIB2_WEB/CSn/201,225,cF8,"['C', 'Sn']",0.0,0.0,,,,1.25588,2,27.5678,4.795354301389489,,,,,
C1Sr1,aflow:53e685060123bff2,aflowlib.duke.edu:AFLOWDATA/LIB2_WEB/CSr_sv/201,225,cF8,"['C', 'Sr']",0.835,0.119,,,,1.26401,2,45.7528,5.677527191811145,,,,,
C1Sr1,aflow:675313cff915f8b6,aflowlib.duke.edu:AFLOWDATA/LIB2_WEB/CSr_sv/4,225,cF8,"['C', 'Sr']",0.835,0.12,,,,1.26414,2,45.7283,5.676513598091552,,,,,
C1Sr1,aflow:c6a8052f611726b7,aflowlib.duke.edu:AFLOWDATA/LIB2_WEB/CSr_sv/720.BA,225,cF8,"['C', 'Sr']",0.835,0.119,,,,1.26401,2,45.7528,5.677527191811145,,,,,
C1Sr1,aflow:f0851c368b3f8138,aflowlib.duke.edu:AFLOWDATA/LIB2_WEB/CSr_sv/720.AB,225,cF8,"['C', 'Sr']",0.835,0.119,,,,1.26401,2,45.7528,5.677527191811145,,,,,
C1Ta1,aflow:16b5cf4c60a289b4,aflowlib.duke.edu:AFLOWDATA/LIB2_WEB/CTa_pv/ICSD_618833.AB,225,cF8,"['C', 'Ta']",0.0,0.0,,,,-0.580638,2,22.4693,4.479365609576142,,,,,
C1Ta1,aflow:1fa5bb5d729eb84c,aflowlib.duke.edu:AFLOWDATA/LIB2_WEB/CTa_pv/ICSD_618835.AB,225,cF8,"['C', 'Ta']",0.0,0.0,,,,-0.580638,2,22.4693,4.479365609576142,,,,,
C1Ta1,aflow:20c624e111c9a9ca,aflowlib.duke.edu:AFLOWDATA/LIB2_WEB/CTa_pv/4,225,cF8,"['C', 'Ta']",0.0,0.0,,,,-0.580548,2,22.4599,4.478740877018652,,,,,
C1Ta1,aflow:33a8e5c522b7752e,aflowlib.duke.edu:AFLOWDATA/LIB2_WEB/CTa_pv/ICSD_53974.AB,225,cF8,"['C', 'Ta']",0.0,0.0,,,,-0.580638,2,22.4692,4.479358964402127,,,,,
C1Ta1,aflow:38df8e97de7a57f3,aflowlib.duke.edu:AFLOWDATA/LIB2_WEB/CTa_pv/ICSD_26956.AB,225,cF8,"['C', 'Ta']",0.0,0.0,,,,-0.580638,2,22.4692,4.479358964402127,,,,,
C1Ta1,aflow:486508c449f686ce,aflowlib.duke.edu:AFLOWDATA/LIB2_WEB/CTa_pv/ICSD_618820.AB,225,cF8,"['C', 'Ta']",0.0,0.0,,,,-0.580638,2,22.4693,4.479365609576142,,,,,
C1Ta1,aflow:51ba51b5f336d6ee,aflowlib.duke.edu:AFLOWDATA/LIB2_WEB/CTa_pv/ICSD_38239.AB,225,cF8,"['C', 'Ta']",0.0,0.0,,,,-0.580638,2,22.4692,4.479358964402127,,,,,
C1Ta1,aflow:5ec5d09d612077e7,aflowlib.duke.edu:AFLOWDATA/LIB2_WEB/CTa_pv/ICSD_155163.AB,225,cF8,"['C', 'Ta']",0.0,0.0,,,,-0.580638,2,22.4692,4.479358964402127,,,,,
C1Ta1,aflow:6103d0dbe0ca7fcd,aflowlib.duke.edu:AFLOWDATA/LIB2_WEB/CTa_pv/ICSD_44497.AB,225,cF8,"['C', 'Ta']",0.0,0.0,,,,-0.580638,2,22.4692,4.479358964402127,,,,,
C1Ta1,aflow:6180206ef4d9c79f,aflowlib.duke.edu:AFLOWDATA/LIB2_WEB/CTa_pv/ICSD_618823.AB,225,cF8,"['C', 'Ta']",0.0,0.0,,,,-0.580638,2,22.4693,4.479365609576142,,,,,
C1Ta1,aflow:665a13c2c6cf0629,aflowlib.duke.edu:AFLOWDATA/LIB2_WEB/CTa_pv/ICSD_43525.AB,225,cF8,"['C', 'Ta']",0.0,0.0,,,,-0.580638,2,22.4692,4.479358964402127,,,,,
C1Ta1,aflow:7443527ec9d352fe,aflowlib.duke.edu:AFLOWDATA/LIB2_WEB/CTa_pv/ICSD_618830.AB,225,cF8,"['C', 'Ta']",0.0,0.0,,,,-0.580638,2,22.4693,4.479365609576142,,,,,
C1Ta1,aflow:7b5348a6157d93ea,aflowlib.duke.edu:AFLOWDATA/LIB2_WEB/CTa_pv/ICSD_618831.AB,225,cF8,"['C', 'Ta']",0.0,0.0,,,,-0.580638,2,22.4693,4.479365609576142,,,,,
C1Ta1,aflow:834020e563939161,aflowlib.duke.edu:AFLOWDATA/LIB2_WEB/CTa_pv/720.BA,225,cF8,"['C', 'Ta']",0.0,0.0,,,,-0.580638,2,22.4692,4.479358964402127,,,,,
C1Ta1,aflow:854da1ed42315d57,aflowlib.duke.edu:AFLOWDATA/LIB2_WEB/CTa_pv/ICSD_618828.AB,225,cF8,"['C', 'Ta']",0.0,0.0,,,,-0.580638,2,22.4693,4.479365609576142,,,,,
C1Ta1,aflow:915d3d478dc28c31,aflowlib.duke.edu:AFLOWDATA/LIB2_WEB/CTa_pv/ICSD_601144.AB,225,cF8,"['C', 'Ta']",0.0,0.0,,,,-0.580638,2,22.4693,4.479365609576142,,,,,
C1Ta1,aflow:91751653e073f9b0,aflowlib.duke.edu:AFLOWDATA/LIB2_WEB/CTa_pv/201,225,cF8,"['C', 'Ta']",0.0,0.0,,1.93659e-05,563.069,-0.580638,2,22.4693,4.479365609576142,321.384,0.229615,212.011,521.383,64.3567
C1Ta1,aflow:aae8515c1b981633,aflowlib.duke.edu:AFLOWDATA/LIB2_WEB/CTa_pv/720.AB,225,cF8,"['C', 'Ta']",0.0,0.0,,,,-0.580638,2,22.4693,4.479365609576142,,,,,
C1Ta1,aflow:ad7c066ed15fcdc2,aflowlib.duke.edu:AFLOWDATA/LIB2_WEB/CTa_pv/ICSD_159875.AB,225,cF8,"['C', 'Ta']",0.0,0.0,,,,-0.580638,2,22.4692,4.479358964402127,,,,,
C1Ta1,aflow:b1aafe2ec261f03a,aflowlib.duke.edu:AFLOWDATA/LIB2_WEB/CTa_pv/ICSD_618836.AB,225,cF8,"['C', 'Ta']",0.0,0.0,,,,-0.580638,2,22.4693,4.479365609576142,,,,,
C1Ta1,aflow:c646489e799d9f15,aflowlib.duke.edu:AFLOWDATA/LIB2_WEB/CTa_pv/ICSD_618832.AB,225,cF8,"['C', 'Ta']",0.0,0.0,,,,-0.580638,2,22.4693,4.479365609576142,,,,,
C1Ta1,aflow:ceaa5f8a94b75c53,aflowlib.duke.edu:AFLOWDATA/LIB2_WEB/CTa_pv/ICSD_618825.AB,225,cF8,"['C', 'Ta']",0.0,0.0,,,,-0.580638,2,22.4693,4.479365609576142,,,,,
C1Ta1,aflow:cfbdc4abb794e440,aflowlib.duke.edu:AFLOWDATA/LIB2_WEB/CTa_pv/ICSD_618818.AB,225,cF8,"['C', 'Ta']",0.0,0.0,,,,-0.580638,2,22.4693,4.479365609576142,,,,,
C1Ta1,aflow:e121c232244616bd,aflowlib.duke.edu:AFLOWDATA/LIB2_WEB/CTa_pv/ICSD_618829.AB,225,cF8,"['C', 'Ta']",0.0,0.0,,,,-0.580638,2,22.4693,4.479365609576142,,,,,
C1Tc1,aflow:5eacfd5dec85710f,aflowlib.duke.edu:AFLOWDATA/LIB2_WEB/CTc_pv/201,225,cF8,"['C', 'Tc']",0.0,0.0,,,,0.644485,2,20.3855,4.336377873596269,,,,,
C1Tc1,aflow:9607d791266203cd,aflowlib.duke.edu:AFLOWDATA/LIB2_WEB/CTc_pv/720.AB,225,cF8,"['C', 'Tc']",0.0,0.0,,,,0.644485,2,20.3855,4.336377873596269,,,,,
C1Tc1,aflow:be238f170a039d18,aflowlib.duke.edu:AFLOWDATA/LIB2_WEB/CTc_pv/720.BA,225,cF8,"['C', 'Tc']",0.0,0.0,,,,0.644485,2,20.3855,4.336377873596269,,,,,
C1Te1,aflow:2195db312fa04fd9,aflowlib.duke.edu:AFLOWDATA/LIB2_WEB/CTe/4,225,cF8,"['C', 'Te']",0.0,0.0,,,,1.84369,2,31.2088,4.997801700304,,,,,
C1Te1,aflow:6b9ad8a25de9312f,aflowlib.duke.edu:AFLOWDATA/LIB2_WEB/CTe/201,225,cF8,"['C', 'Te']",0.0,0.0,,,,1.84368,2,31.2115,4.997945822853488,,,,,
C1Te1,aflow:c50bbf16ed97784c,aflowlib.duke.edu:AFLOWDATA/LIB2_WEB/CTe/720.BA,225,cF8,"['C', 'Te']",0.0,0.0,,,,1.84368,2,31.2115,4.997945822853488,,,,,
C1Te1,aflow:c9f55caf944d41cb,aflowlib.duke.edu:AFLOWDATA/LIB2_WEB/CTe/720.AB,225,cF8,"['C', 'Te']",0.0,0.0,,,,1.84368,2,31.2115,4.997945822853488,,,,,
C1Ti1,aflow:16b8970d5a033170,aflowlib.duke.edu:AFLOWDATA/LIB2_WEB/CTi_sv/201,225,cF8,"['C', 'Ti']",0.0,0.0,,2.10396e-05,890.952,-0.817982,2,20.4032,4.337632551101586,250.112,0.211539,178.651,432.886,84.6612
C1Ti1,aflow:781a911dafe9a437,aflowlib.duke.edu:AFLOWDATA/LIB2_WEB/CTi_sv/720.BA,225,cF8,"['C', 'Ti']",0.0,0.0,,,,-0.817982,2,20.4031,4.337625464566732,,,,,
C1Ti1,aflow:7e5acebb9aadd498,aflowlib.duke.edu:AFLOWDATA/LIB2_WEB/CTi_sv/4,225,cF8,"['C', 'Ti']",0.0,0.0,,,,-0.817987,2,20.4026,4.337590031545134,,,,,
C1Ti1,aflow:9508a58c4b74bdba,aflowlib.duke.edu:AFLOWDATA/LIB2_WEB/CTi_sv/720.AB,225,cF8,"['C', 'Ti']",0.0,0.0,,,,-0.817982,2,20.4032,4.337632551101586,,,,,
C1Ti1,aflow:ba8d9b4b90e96c63,aflowlib.duke.edu:AFLOWDATA/LIB2_WEB/CTi_sv/ICSD_1546.AB,225,cF8,"['C', 'Ti']",0.0,0.0,,,,-0.817982,2,20.4031,4.337625464566732,,,,,
C1Tl1,aflow:08ab16fce5f5c852,aflowlib.duke.edu:AFLOWDATA/LIB2_WEB/CTl_d/4,225,cF8,"['C', 'Tl']",0.0,0.0,,,,2.10551,2,31.9901,5.039164428541337,,,,,
C1Tl1,aflow:50a5847f088308f0,aflowlib.duke.edu:AFLOWDATA/LIB2_WEB/CTl_d/201,225,cF8,"['C', 'Tl']",0.0,0.0,,,,2.10549,2,31.9911,5.039216935534874,,,,,
C1Tl1,aflow:87aa7a76ded20ac3,aflowlib.duke.edu:AFLOWDATA/LIB2_WEB/CTl_d/720.AB,225,cF8,"['C', 'Tl']",0.0,0.0,,,,2.10549,2,31.9911,5.039216935534874,,,,,
C1Tl1,aflow:e58dcd46603ab245,aflowlib.duke.edu:AFLOWDATA/LIB2_WEB/CTl_d/720.BA,225,cF8,"['C', 'Tl']",0.0,0.0,,,,2.10549,2,31.9911,5.039216935534874,,,,,
C1V1,aflow:8b5f884504829e1b,aflowlib.duke.edu:AFLOWDATA/LIB2_WEB/CV_sv/201,225,cF8,"['C', 'V']",0.0,0.0,,1.9637e-05,923.975,-0.417541,2,18.0465,4.1637469322919545,304.739,0.220996,208.903,510.14,87.7031
C1V1,aflow:8e76017762757622,aflowlib.duke.edu:AFLOWDATA/LIB2_WEB/CV_sv/ICSD_22263.AB,225,cF8,"['C', 'V']",0.0,0.0,,,,-0.417541,2,18.0465,4.1637469322919545,,,,,
C1V1,aflow:c022bd1db7c1886c,aflowlib.duke.edu:AFLOWDATA/LIB2_WEB/CV_sv/720.AB,225,cF8,"['C', 'V']",0.0,0.0,,,,-0.417541,2,18.0462,4.163723859840206,,,,,
C1V1,aflow:c847914e3c1cfe89,aflowlib.duke.edu:AFLOWDATA/LIB2_WEB/CV_sv/720.BA,225,cF8,"['C', 'V']",0.0,0.0,,,,-0.417541,2,18.0462,4.163723859840206,,,,,
C1V1,aflow:ddddd47e0d1a9920,aflowlib.duke.edu:AFLOWDATA/LIB2_WEB/CV_sv/4,225,cF8,"['C', 'V']",0.0,0.0,,,,-0.417512,2,18.046,4.163708478063649,,,,,
C1W1,aflow:3ba33e48dfe4bc47,aflowlib.duke.edu:AFLOWDATA/LIB2_WEB/CW_pv/ICSD_162417.AB,225,cF8,"['C', 'W']",0.0,0.0,,,,0.323249,2,21.1583,4.3904960151315375,,,,,
C1W1,aflow:3f3f90aa4d09e98b,aflowlib.duke.edu:AFLOWDATA/LIB2_WEB/CW_pv/201,225,cF8,"['C', 'W']",0.0,0.0,,1.99439e-05,470.028,0.323249,2,21.1583,4.3904960151315375,364.103,0.319009,149.884,395.396,34.3509
C1W1,aflow:52a41a645fcadd87,aflowlib.duke.edu:AFLOWDATA/LIB2_WEB/CW_pv/720.BA,225,cF8,"['C', 'W']",0.0,0.0,,,,0.323249,2,21.1583,4.3904960151315375,,,,,
C1W1,aflow:c69489fa75f20757,aflowlib.duke.edu:AFLOWDATA/LIB2_WEB/CW_pv/4,225,cF8,"['C', 'W']",0.0,0.0,,,,0.323272,2,21.1552,4.390281580726517,,,,,
C1W1,aflow:d271a00fd1507c60,aflowlib.duke.edu:AFLOWDATA/LIB2_WEB/CW_pv/720.AB,225,cF8,"['C', 'W']",0.0,0.0,,,,0.323249,2,21.1583,4.3904960151315375,,,,,
C1Y1,aflow:11d5b81bac418806,aflowlib.duke.edu:AFLOWDATA/LIB2_WEB/CY_sv/720.AB,225,cF8,"['C', 'Y']",0.0,0.0,,,,0.0365415,2,33.0572,5.094583509956886,,,,,
C1Y1,aflow:18f2996d8a7a43b1,aflowlib.duke.edu:AFLOWDATA/LIB2_WEB/CY_sv/201,225,cF8,"['C', 'Y']",0.0,0.0,,3.7985e-05,460.023,0.0365415,2,33.0572,5.094583509956886,123.689,0.274763,65.5633,167.156,19.9858
C1Y1,aflow:2f8e92a208357168,aflowlib.duke.edu:AFLOWDATA/LIB2_WEB/CY_sv/4,225,cF8,"['C', 'Y']",0.0,0.0,,,,0.036549,2,33.0637,5.0949174021458825,,,,,
C1Y1,aflow:9e2da810bd4f6d2e,aflowlib.duke.edu:AFLOWDATA/LIB2_WEB/CY_sv/720.BA,225,cF8,"['C', 'Y']",0.0,0.0,,,,0.0365415,2,33.0571,5.094578372812132,,,,,
C1Zn1,aflow:17cb7abd40129e04,aflowlib.duke.edu:AFLOWDATA/LIB2_WEB/CZn/720.AB,225,cF8,"['C', 'Zn']",0.0,0.0,,,,1.64964,2,21.3177,4.401493983031328,,,,,
C1Zn1,aflow:217a6e466b8990d7,aflowlib.duke.edu:AFLOWDATA/LIB2_WEB/CZn/201,225,cF8,"['C', 'Zn']",0.0,0.0,,,,1.64964,2,21.3177,4.401493983031328,,,,,
C1Zn1,aflow:7849839d99bed0b5,aflowlib.duke.edu:AFLOWDATA/LIB2_WEB/CZn/720.BA,225,cF8,"['C', 'Zn']",0.0,0.0,,,,1.64964,2,21.3174,4.401473335800949,,,,,
C1Zn1,aflow:a365464a2a371255,aflowlib.duke.edu:AFLOWDATA/LIB2_WEB/CZn/4,225,cF8,"['C', 'Zn']",0.0,0.0,,,,1.64965,2,21.3229,4.4018518375836315,,,,,
C1Zr1,aflow:139a4974beb024ec,aflowlib.duke.edu:AFLOWDATA/LIB2_WEB/CZr_sv/ICSD_22264.AB,225,cF8,"['C', 'Zr']",0.0,0.0,,,,-0.812487,2,26.351,4.723736866429075,,,,,
C1Zr1,aflow:196e8a1e0249f742,aflowlib.duke.edu:AFLOWDATA/LIB2_WEB/CZr_sv/720.AB,225,cF8,"['C', 'Zr']",0.0,0.0,,,,-0.812487,2,26.3505,4.723706989215409,,,,,
C1Zr1,aflow:2d34e17f5c983d0d,aflowlib.duke.edu:AFLOWDATA/LIB2_WEB/CZr_sv/ICSD_658395.AB,225,cF8,"['C', 'Zr']",0.0,0.0,,,,-0.812487,2,26.3505,4.723706989215409,,,,,
C1Zr1,aflow:32da3360c9350611,aflowlib.duke.edu:AFLOWDATA/LIB2_WEB/CZr_sv/ICSD_180599.AB,225,cF8,"['C', 'Zr']",0.0,0.0,,,,-0.812487,2,26.351,4.723736866429075,,,,,
C1Zr1,aflow:76e9f97c3614e253,aflowlib.duke.edu:AFLOWDATA/LIB2_WEB/CZr_sv/720.BA,225,cF8,"['C', 'Zr']",0.0,0.0,,,,-0.812487,2,26.351,4.723736866429075,,,,,
C1Zr1,aflow:7ca0fe0542dac41b,aflowlib.duke.edu:AFLOWDATA/LIB2_WEB/CZr_sv/ICSD_159874.AB,225,cF8,"['C', 'Zr']",0.0,0.0,,,,-0.812487,2,26.351,4.723736866429075,,,,,
C1Zr1,aflow:7dc8ce524d17e0a9,aflowlib.duke.edu:AFLOWDATA/LIB2_WEB/CZr_sv/201,225,cF8,"['C', 'Zr']",0.0,0.0,,2.19512e-05,675.947,-0.812487,2,26.3505,4.723706989215409,217.05,0.209052,156.693,378.901,67.4176
C1Zr1,aflow:adaff3187a25ec87,aflowlib.duke.edu:AFLOWDATA/LIB2_WEB/CZr_sv/ICSD_181094.AB,225,cF8,"['C', 'Zr']",0.0,0.0,,,,-0.812455,2,26.3457,4.723420148732455,,,,,
C1Zr1,aflow:e6faac995f3e7356,aflowlib.duke.edu:AFLOWDATA/LIB2_WEB/CZr_sv/ICSD_658333.AB,225,cF8,"['C', 'Zr']",0.0,0.0,,,,-0.812487,2,26.3505,4.723706989215409,,,,,
C2Ca2,aflow:0a7e96f695c2615c,aflowlib.duke.edu:AFLOWDATA/LIB2_WEB/CCa_sv/196,225,cF8,"['C', 'Ca']",0.814,0.135,,,,1.13104,4,73.8455,5.2858886512447185,,,,,
C2Ca2,aflow:44f6c5e523c366e3,aflowlib.duke.edu:AFLOWDATA/LIB2_WEB/CCa_sv/197,225,cF8,"['C', 'Ca']",0.814,0.135,,,,1.13123,4,73.8482,5.285953072797923,,,,,
C2Ca2,aflow:610fa7e18338c4da,aflowlib.duke.edu:AFLOWDATA/LIB2_WEB/CCa_sv/20,225,cF8,"['C', 'Ca']",0.815,0.135,,,,1.13167,4,73.8341,5.285616631817888,,,,,
C2Ca2,aflow:889b2203aab52f32,aflowlib.duke.edu:AFLOWDATA/LIB2_WEB/CCa_sv/71,225,cF8,"['C', 'Ca']",0.814,0.135,,,,1.13128,4,73.8278,5.285466293279953,,,,,
C2Ca2,aflow:90fe129209b882d2,aflowlib.duke.edu:AFLOWDATA/LIB2_WEB/CCa_sv/77,225,cF8,"['C', 'Ca']",0.816,0.135,,,,1.13142,4,73.8516,5.286034194001682,,,,,
C2Ca2,aflow:eedc01c26981e25f,aflowlib.duke.edu:AFLOWDATA/LIB2_WEB/CCa_sv/14,225,cF8,"['C', 'Ca']",0.814,0.135,,,,1.13128,4,73.8477,5.285941142999132,,,,,
C2Cd2,aflow:a99578f894f05c12,aflowlib.duke.edu:AFLOWDATA/LIB2_WEB/CCd/77,225,cF8,"['C', 'Cd']",0.0,0.0,,,,1.97681,4,57.1881,4.854135417859789,,,,,
C2Cd2,aflow:f5944b51ff62fae0,aflowlib.duke.edu:AFLOWDATA/LIB2_WEB/CCd/20,225,cF8,"['C', 'Cd']",0.0,0.0,,,,1.97784,4,57.1917,4.854237271921705,,,,,
C2Cr2,aflow:639cc4782c24eb51,aflowlib.duke.edu:AFLOWDATA/LIB2_WEB/CCr_pv/119,225,cF8,"['C', 'Cr']",-0.119,1.447,,,,0.159307,4,34.6475,4.107402846085805,,,,,
C2Fe2,aflow:1872df32b6410aec,aflowlib.duke.edu:AFLOWDATA/LIB2_WEB/CFe_pv/448,225,cF8,"['C', 'Fe']",0.0,0.0,,,,0.598168,4,31.8429,3.9934434253710007,,,,,
C2Fe2,aflow:303953a0dc391155,aflowlib.duke.edu:AFLOWDATA/LIB2_WEB/CFe_pv/447,225,cF8,"['C', 'Fe']",0.0,0.0,,,,0.59817,4,31.8428,3.993439245006769,,,,,
C2Fe2,aflow:329fe0f42f8ad6c7,aflowlib.duke.edu:AFLOWDATA/LIB2_WEB/CFe_pv/71,225,cF8,"['C', 'Fe']",0.0,0.0,,,,0.598132,4,31.852,3.9938238018857484,,,,,
C2Fe2,aflow:8d2090c8a67ec61d,aflowlib.duke.edu:AFLOWDATA/LIB2_WEB/CFe_pv/20,225,cF8,"['C', 'Fe']",0.0,0.0,,,,0.598219,4,31.8563,3.994003515034109,,,,,
C2Fe2,aflow:94fb988bc694e55a,aflowlib.duke.edu:AFLOWDATA/LIB2_WEB/CFe_pv/14,225,cF8,"['C', 'Fe']",0.0,0.0,,,,0.598263,4,31.8514,3.993798724346633,,,,,
C2Fe2,aflow:a2e3cd3e44cae635,aflowlib.duke.edu:AFLOWDATA/LIB2_WEB/CFe_pv/197,225,cF8,"['C', 'Fe']",0.0,0.0,,,,0.598075,4,31.8509,3.993777826156796,,,,,
C2Fe2,aflow:cebc300a72095f21,aflowlib.duke.edu:AFLOWDATA/LIB2_WEB/CFe_pv/119,225,cF8,"['C', 'Fe']",0.0,0.0,,,,0.598323,4,31.8423,3.9934183430543286,,,,,
C2Ga2,aflow:076b845d20d8c174,aflowlib.duke.edu:AFLOWDATA/LIB2_WEB/CGa_h/14,225,cF8,"['C', 'Ga']",0.0,0.0,,,,1.21505,4,42.4522,4.395180673725506,,,,,
C2Ga2,aflow:c94b9007fc61b3a1,aflowlib.duke.edu:AFLOWDATA/LIB2_WEB/CGa_h/77,225,cF8,"['C', 'Ga']",0.0,0.0,,,,1.21433,4,42.3304,4.390973229431432,,,,,
C2Ge2,aflow:17f4808b7d951733,aflowlib.duke.edu:AFLOWDATA/LIB2_WEB/CGe_h/77,225,cF8,"['C', 'Ge']",0.0,0.0,,,,1.28033,4,42.2161,4.387017517148167,,,,,
C2Ge2,aflow:3f85cdc3bec4eea1,aflowlib.duke.edu:AFLOWDATA/LIB2_WEB/CGe_h/447,225,cF8,"['C', 'Ge']",0.0,0.0,,,,1.28348,4,42.246,4.388052989933808,,,,,
C2Ge2,aflow:53bc980e1eb57316,aflowlib.duke.edu:AFLOWDATA/LIB2_WEB/CGe_h/20,225,cF8,"['C', 'Ge']",0.0,0.0,,,,1.2811,4,42.3384,4.391249827913378,,,,,
C2Ge2,aflow:6afe56a4ea8f9f74,aflowlib.duke.edu:AFLOWDATA/LIB2_WEB/CGe_h/448,225,cF8,"['C', 'Ge']",0.0,0.0,,,,1.28351,4,42.2209,4.387183779830269,,,,,
C2Hf2,aflow:01d96dc96519d55c,aflowlib.duke.edu:AFLOWDATA/LIB2_WEB/CHf_pv/77,225,cF8,"['C', 'Hf']",0.0,0.0,,,,-0.947689,4,50.2449,4.649154661918268,,,,,
C2Hf2,aflow:09ab9dc5fa979be7,aflowlib.duke.edu:AFLOWDATA/LIB2_WEB/CHf_pv/119,225,cF8,"['C', 'Hf']",0.0,0.0,,,,-0.94735,4,50.2944,4.650680903873968,,,,,
C2Hf2,aflow:2b14cf71a7951ed1,aflowlib.duke.edu:AFLOWDATA/LIB2_WEB/CHf_pv/197,225,cF8,"['C', 'Hf']",0.0,0.0,,,,-0.950431,4,50.3197,4.651460596396738,,,,,
C2Hf2,aflow:389d107fac096514,aflowlib.duke.edu:AFLOWDATA/LIB2_WEB/CHf_pv/447,225,cF8,"['C', 'Hf']",0.0,0.0,,,,-0.947798,4,50.2609,4.649648102248225,,,,,
C2Hf2,aflow:715ce044238d8935,aflowlib.duke.edu:AFLOWDATA/LIB2_WEB/CHf_pv/196,225,cF8,"['C', 'Hf']",0.0,0.0,,,,-0.950347,4,50.3505,4.65240943463256,,,,,
C2Hf2,aflow:745aecd39a3fec02,aflowlib.duke.edu:AFLOWDATA/LIB2_WEB/CHf_pv/20,225,cF8,"['C', 'Hf']",0.0,0.0,,,,-0.946908,4,50.298,4.6507918642181485,,,,,
C2Hf2,aflow:8b886828ffab0d43,aflowlib.duke.edu:AFLOWDATA/LIB2_WEB/CHf_pv/14,225,cF8,"['C', 'Hf']",0.0,0.0,,,,-0.945205,4,50.3325,4.651854965785474,,,,,
C2Hf2,aflow:9bf8b7b2aa7dd29b,aflowlib.duke.edu:AFLOWDATA/LIB2_WEB/CHf_pv/71,225,cF8,"['C', 'Hf']",0.0,0.0,,,,-0.950372,4,50.2751,4.65008594283674,,,,,
C2Hf2,aflow:cb73433ec7351bfc,aflowlib.duke.edu:AFLOWDATA/LIB2_WEB/CHf_pv/74,225,cF8,"['C', 'Hf']",0.0,0.0,,,,-0.946854,4,50.3383,4.652033642402661,,,,,
C2Hf2,aflow:f93ac81feccdd7ee,aflowlib.duke.edu:AFLOWDATA/LIB2_WEB/CHf_pv/448,225,cF8,"['C', 'Hf']",0.0,0.0,,,,-0.947793,4,50.3042,4.650982950178211,,,,,
C2Hg2,aflow:5175aff49799ea88,aflowlib.duke.edu:AFLOWDATA/LIB2_WEB/CHg/119,225,cF8,"['C', 'Hg']",0.0,0.0,,,,2.30279,4,59.1734,4.909668539919687,,,,,
C2Hg2,aflow:9463a184769fad46,aflowlib.duke.edu:AFLOWDATA/LIB2_WEB/CHg/20,225,cF8,"['C', 'Hg']",0.0,0.0,,,,2.29976,4,59.1598,4.909292376484613,,,,,
C2Hg2,aflow:c202e93e4412439e,aflowlib.duke.edu:AFLOWDATA/LIB2_WEB/CHg/14,225,cF8,"['C', 'Hg']",0.0,0.0,,,,2.30376,4,59.1645,4.909422380660651,,,,,
C2Hg2,aflow:cf7a175e61cce122,aflowlib.duke.edu:AFLOWDATA/LIB2_WEB/CHg/448,225,cF8,"['C', 'Hg']",0.0,0.0,,,,2.3026,4,59.2062,4.910575520549542,,,,,
C2In2,aflow:773e804b2fc488c1,aflowlib.duke.edu:AFLOWDATA/LIB2_WEB/CIn_d/20,225,cF8,"['C', 'In']",0.0,0.0,,,,1.49519,4,56.3544,4.830431657729555,,,,,
C2In2,aflow:adf8ab2d43e8c362,aflowlib.duke.edu:AFLOWDATA/LIB2_WEB/CIn_d/119,225,cF8,"['C', 'In']",0.0,0.0,,,,1.49574,4,56.3398,4.83001447413529,,,,,
C2In2,aflow:e600a23b1cda40d6,aflowlib.duke.edu:AFLOWDATA/LIB2_WEB/CIn_d/448,225,cF8,"['C', 'In']",0.0,0.0,,,,1.4953,4,56.3411,4.830051623542532,,,,,
C2In2,aflow:f0f05f8b34dd5e18,aflowlib.duke.edu:AFLOWDATA/LIB2_WEB/CIn_d/447,225,cF8,"['C', 'In']",0.0,0.0,,,,1.4953,4,56.3374,4.82994588911284,,,,,
C2K2,aflow:230dc98eb5426dc1,aflowlib.duke.edu:AFLOWDATA/LIB2_WEB/CK_sv/14,225,cF8,"['C', 'K']",1.219,0.066,,,,2.30599,4,117.982,6.179432365483089,,,,,
C2K2,aflow:2a9334a23a5531da,aflowlib.duke.edu:AFLOWDATA/LIB2_WEB/CK_sv/197,225,cF8,"['C', 'K']",1.219,0.066,,,,2.30601,4,118.005,6.179833889189419,,,,,
C2K2,aflow:2db2e66de931a385,aflowlib.duke.edu:AFLOWDATA/LIB2_WEB/CK_sv/448,225,cF8,"['C', 'K']",1.219,0.066,,,,2.30607,4,117.874,6.177546251676974,,,,,
C2K2,aflow:6dece7528ec0d7e6,aflowlib.duke.edu:AFLOWDATA/LIB2_WEB/CK_sv/20,225,cF8,"['C', 'K']",1.219,0.066,,,,2.30599,4,118.028,6.180235360725954,,,,,
C2K2,aflow:80d575e6c7693747,aflowlib.duke.edu:AFLOWDATA/LIB2_WEB/CK_sv/119,225,cF8,"['C', 'K']",1.219,0.066,,,,2.30599,4,118.011,6.179938625923518,,,,,
C2K2,aflow:8c1ac9ac5c4a39e5,aflowlib.duke.edu:AFLOWDATA/LIB2_WEB/CK_sv/71,225,cF8,"['C', 'K']",1.219,0.066,,,,2.30611,4,117.984,6.179467282659429,,,,,
C2K2,aflow:8c25ebe0d9efc629,aflowlib.duke.edu:AFLOWDATA/LIB2_WEB/CK_sv/77,225,cF8,"['C', 'K']",1.219,0.066,,,,2.30598,4,117.975,6.179310152258297,,,,,
C2K2,aflow:b22472710e93cd3d,aflowlib.duke.edu:AFLOWDATA/LIB2_WEB/CK_sv/447,225,cF8,"['C', 'K']",1.219,0.066,,,,2.30606,4,118.086,6.18124753566519,,,,,
C2K2,aflow:c37a41a8b4776129,aflowlib.duke.edu:AFLOWDATA/LIB2_WEB/CK_sv/196,225,cF8,"['C', 'K']",1.219,0.066,,,,2.30601,4,117.935,6.17861169821759,,,,,
C2K2,aflow:f6e88640ca0f7a9d,aflowlib.duke.edu:AFLOWDATA/LIB2_WEB/CK_sv/74,225,cF8,"['C', 'K']",1.219,0.066,,,,2.306,4,117.921,6.178367201992798,,,,,
C2Mg2,aflow:33ba4bb2a98a9a29,aflowlib.duke.edu:AFLOWDATA/LIB2_WEB/CMg_pv/196,225,cF8,"['C', 'Mg']",0.0,0.0,,,,1.32389,4,49.3877,4.6225639959655345,,,,,
C2Mg2,aflow:7b3f773da3331c20,aflowlib.duke.edu:AFLOWDATA/LIB2_WEB/CMg_pv/197,225,cF8,"['C', 'Mg']",0.0,0.0,,,,1.32518,4,49.3856,4.62249847680467,,,,,
C2Mg2,aflow:bde50b7c262c8d62,aflowlib.duke.edu:AFLOWDATA/LIB2_WEB/CMg_pv/14,225,cF8,"['C', 'Mg']",0.003,0.0,,,,1.32579,4,49.3952,4.622797977808282,,,,,
C2Mg2,aflow:dbe28badb973057b,aflowlib.duke.edu:AFLOWDATA/LIB2_WEB/CMg_pv/77,225,cF8,"['C', 'Mg']",0.004,0.0,,,,1.32624,4,49.3732,4.622111563891457,,,,,
C2Mn2,aflow:0d6d1baf4d261ae4,aflowlib.duke.edu:AFLOWDATA/LIB2_WEB/CMn_pv/197,225,cF8,"['C', 'Mn']",-0.14,2.112,,,,0.308829,4,34.1312,4.086898492165869,,,,,
C2Mn2,aflow:1e6dfe21c47cd622,aflowlib.duke.edu:AFLOWDATA/LIB2_WEB/CMn_pv/448,225,cF8,"['C', 'Mn']",-0.141,2.019,,,,0.309429,4,33.9624,4.080149936819744,,,,,
C2Mn2,aflow:44fd6695de2f4772,aflowlib.duke.edu:AFLOWDATA/LIB2_WEB/CMn_pv/196,225,cF8,"['C', 'Mn']",-0.14,2.118,,,,0.309065,4,34.1529,4.087764434070389,,,,,
C2Mn2,aflow:8db72812f86d21f5,aflowlib.duke.edu:AFLOWDATA/LIB2_WEB/CMn_pv/14,225,cF8,"['C', 'Mn']",-0.144,2.067,,,,0.309173,4,34.0516,4.083718895519277,,,,,
C2Mn2,aflow:92c77174c3690a9b,aflowlib.duke.edu:AFLOWDATA/LIB2_WEB/CMn_pv/77,225,cF8,"['C', 'Mn']",-0.143,2.058,,,,0.310319,4,34.0396,4.083239129669924,,,,,
C2Mn2,aflow:9c2dcf0c740b2593,aflowlib.duke.edu:AFLOWDATA/LIB2_WEB/CMn_pv/20,225,cF8,"['C', 'Mn']",-0.14,2.123,,,,0.309837,4,34.1689,4.08840268167695,,,,,
C2Mn2,aflow:b01b47cc68a9d541,aflowlib.duke.edu:AFLOWDATA/LIB2_WEB/CMn_pv/119,225,cF8,"['C', 'Mn']",-0.141,2.074,,,,0.309217,4,34.0647,4.0842425112353435,,,,,
C2Mn2,aflow:bfab11e64c5e4171,aflowlib.duke.edu:AFLOWDATA/LIB2_WEB/CMn_pv/71,225,cF8,"['C', 'Mn']",-0.14,2.114,,,,0.308948,4,34.1388,4.087201813109906,,,,,
C2Mo2,aflow:d5f4eb021a4814d2,aflowlib.duke.edu:AFLOWDATA/LIB2_WEB/CMo_pv/119,225,cF8,"['C', 'Mo']",0.0,0.0,,,,0.214948,4,42.0882,4.382582659821558,,,,,
C2Nb2,aflow:060ed80564c41004,aflowlib.duke.edu:AFLOWDATA/LIB2_WEB/CNb_sv/74,225,cF8,"['C', 'Nb']",0.0,0.0,,,,-0.544209,4,44.9643,4.480219350441928,,,,,
C2Nb2,aflow:25e1b79d8760d8a7,aflowlib.duke.edu:AFLOWDATA/LIB2_WEB/CNb_sv/14,225,cF8,"['C', 'Nb']",0.0,0.0,,,,-0.549057,4,45.0754,4.483906297454384,,,,,
C2Nb2,aflow:491f9544a6590044,aflowlib.duke.edu:AFLOWDATA/LIB2_WEB/CNb_sv/448,225,cF8,"['C', 'Nb']",0.0,0.0,,,,-0.544519,4,45.1527,4.486467990479262,,,,,
C2Nb2,aflow:5eb44ddd40c67f1f,aflowlib.duke.edu:AFLOWDATA/LIB2_WEB/CNb_sv/119,225,cF8,"['C', 'Nb']",0.0,0.0,,,,-0.544139,4,45.0302,4.482407029215849,,,,,
C2Nb2,aflow:949b754227969d87,aflowlib.duke.edu:AFLOWDATA/LIB2_WEB/CNb_sv/71,225,cF8,"['C', 'Nb']",0.0,0.0,,,,-0.548568,4,45.1003,4.48473179365611,,,,,
C2Nb2,aflow:dd0352003ba2c355,aflowlib.duke.edu:AFLOWDATA/LIB2_WEB/CNb_sv/77,225,cF8,"['C', 'Nb']",0.0,0.0,,,,-0.544726,4,45.0106,4.481756592193793,,,,,
C2Nb2,aflow:f28a67c9eeeb0e09,aflowlib.duke.edu:AFLOWDATA/LIB2_WEB/CNb_sv/20,225,cF8,"['C', 'Nb']",0.0,0.0,,,,-0.54387,4,44.9747,4.480564740669069,,,,,
C2Pb2,aflow:5ec8c8ab2a536e68,aflowlib.duke.edu:AFLOWDATA/LIB2_WEB/CPb_d/448,225,cF8,"['C', 'Pb']",0.0,0.0,,,,1.81135,4,66.3277,5.100056387945045,,,,,
C2Pb2,aflow:5f380137dd881c6a,aflowlib.duke.edu:AFLOWDATA/LIB2_WEB/CPb_d/20,225,cF8,"['C', 'Pb']",0.0,0.0,,,,1.80963,4,66.1156,5.094614332607851,,,,,
C2Pb2,aflow:dffb3aac8bb95e6d,aflowlib.duke.edu:AFLOWDATA/LIB2_WEB/CPb_d/119,225,cF8,"['C', 'Pb']",0.0,0.0,,,,1.8096,4,66.3227,5.099928231721067,,,,,
C2Pb2,aflow:f43184b6ad0ac1ca,aflowlib.duke.edu:AFLOWDATA/LIB2_WEB/CPb_d/77,225,cF8,"['C', 'Pb']",0.0,0.0,,,,1.81402,4,66.2756,5.098720683856874,,,,,
C2Rb2,aflow:04f1c251b6808e86,aflowlib.duke.edu:AFLOWDATA/LIB2_WEB/CRb_sv/71,225,cF8,"['C', 'Rb']",1.208,0.074,,,,2.30436,4,136.104,6.4808747485467615,,,,,
C2Rb2,aflow:0639a67d14db49eb,aflowlib.duke.edu:AFLOWDATA/LIB2_WEB/CRb_sv/196,225,cF8,"['C', 'Rb']",1.209,0.075,,,,2.30218,4,135.879,6.477301497955532,,,,,
C2Rb2,aflow:0833aa3dcc42548a,aflowlib.duke.edu:AFLOWDATA/LIB2_WEB/CRb_sv/119,225,cF8,"['C', 'Rb']",1.208,0.074,,,,2.30427,4,136.136,6.481382624241769,,,,,
C2Rb2,aflow:3eff9af62de9ee47,aflowlib.duke.edu:AFLOWDATA/LIB2_WEB/CRb_sv/447,225,cF8,"['C', 'Rb']",1.208,0.074,,,,2.30416,4,136.078,6.480462040925344,,,,,
C2Rb2,aflow:6a570386f19ad726,aflowlib.duke.edu:AFLOWDATA/LIB2_WEB/CRb_sv/77,225,cF8,"['C', 'Rb']",1.208,0.074,,,,2.30426,4,136.068,6.480303293226936,,,,,
C2Rb2,aflow:96f5bb32aad385db,aflowlib.duke.edu:AFLOWDATA/LIB2_WEB/CRb_sv/74,225,cF8,"['C', 'Rb']",1.208,0.074,,,,2.30427,4,136.085,6.4805731596868,,,,,
C2Rb2,aflow:b57b46426e2b0f46,aflowlib.duke.edu:AFLOWDATA/LIB2_WEB/CRb_sv/448,225,cF8,"['C', 'Rb']",1.208,0.075,,,,2.30429,4,136.036,6.479795248318826,,,,,
C2Rb2,aflow:b5d9ed5385d3859b,aflowlib.duke.edu:AFLOWDATA/LIB2_WEB/CRb_sv/14,225,cF8,"['C', 'Rb']",1.208,0.074,,,,2.30425,4,136.108,6.480938237361786,,,,,
C2Rb2,aflow:ec784392af1e694c,aflowlib.duke.edu:AFLOWDATA/LIB2_WEB/CRb_sv/197,225,cF8,"['C', 'Rb']",1.208,0.074,,,,2.30431,4,136.109,6.480954109371185,,,,,
C2Sc2,aflow:18e3a4ca764181e4,aflowlib.duke.edu:AFLOWDATA/LIB2_WEB/CSc_sv/14,225,cF8,"['C', 'Sc']",0.002,0.001,,,,-0.135792,4,51.4882,4.6871901069206645,,,,,
C2Sc2,aflow:48a9c701ec25a8df,aflowlib.duke.edu:AFLOWDATA/LIB2_WEB/CSc_sv/447,225,cF8,"['C', 'Sc']",0.0,0.0,,,,-0.141912,4,51.4476,4.685957785991849,,,,,
C2Sc2,aflow:4a3666c689f30e41,aflowlib.duke.edu:AFLOWDATA/LIB2_WEB/CSc_sv/119,225,cF8,"['C', 'Sc']",0.0,0.0,,,,-0.139065,4,51.4734,4.686740961541344,,,,,
C2Sc2,aflow:6a9a7d74c28b8b2f,aflowlib.duke.edu:AFLOWDATA/LIB2_WEB/CSc_sv/71,225,cF8,"['C', 'Sc']",0.0,0.0,,,,-0.138687,4,51.4397,4.685717924064481,,,,,
C2Sc2,aflow:980a359388e8ca3e,aflowlib.duke.edu:AFLOWDATA/LIB2_WEB/CSc_sv/448,225,cF8,"['C', 'Sc']",0.0,0.0,,,,-0.141912,4,51.446,4.685909208344026,,,,,
C2Sc2,aflow:ba1bb960b115401e,aflowlib.duke.edu:AFLOWDATA/LIB2_WEB/CSc_sv/20,225,cF8,"['C', 'Sc']",0.0,0.0,,,,-0.14274,4,51.4357,4.685596465621953,,,,,
C2Sc2,aflow:dd79c4af611e7dcc,aflowlib.duke.edu:AFLOWDATA/LIB2_WEB/CSc_sv/74,225,cF8,"['C', 'Sc']",0.0,0.0,,,,-0.139056,4,51.4753,4.686798626913255,,,,,
C2Sc2,aflow:f4e33ccb22241045,aflowlib.duke.edu:AFLOWDATA/LIB2_WEB/CSc_sv/196,225,cF8,"['C', 'Sc']",0.0,0.0,,,,-0.138746,4,51.4455,4.685894027622528,,,,,
C2Sc2,aflow:f7a7599c000c4a81,aflowlib.duke.edu:AFLOWDATA/LIB2_WEB/CSc_sv/77,225,cF8,"['C', 'Sc']",0.0,0.0,,,,-0.1425,4,51.4546,4.6861703013598435,,,,,
C2Si2,aflow:218d3eb91c1ada0b,aflowlib.duke.edu:AFLOWDATA/LIB2_WEB/CSi/20,225,cF8,"['C', 'Si']",0.0,0.0,,,,0.535505,4,33.4161,4.058154580439573,,,,,
C2Si2,aflow:599c2c2680b0dc4f,aflowlib.duke.edu:AFLOWDATA/LIB2_WEB/CSi/448,225,cF8,"['C', 'Si']",0.0,0.0,,,,0.53588,4,33.3643,4.05605657856593,,,,,
C2Si2,aflow:6b3ba09add70ae7a,aflowlib.duke.edu:AFLOWDATA/LIB2_WEB/CSi/71,225,cF8,"['C', 'Si']",0.0,0.0,,,,0.533878,4,33.4113,4.057960262184365,,,,,
C2Si2,aflow:91b627fbce6a677e,aflowlib.duke.edu:AFLOWDATA/LIB2_WEB/CSi/447,225,cF8,"['C', 'Si']",0.0,0.0,,,,0.535879,4,33.3588,4.055833690258041,,,,,
C2Si2,aflow:bfa9c5c1c9d08d62,aflowlib.duke.edu:AFLOWDATA/LIB2_WEB/CSi/77,225,cF8,"['C', 'Si']",0.0,0.0,,,,0.535275,4,33.3161,4.054102432495753,,,,,
C2Si2,aflow:c1685ee0df37ff6b,aflowlib.duke.edu:AFLOWDATA/LIB2_WEB/CSi/196,225,cF8,"['C', 'Si']",0.0,0.0,,,,0.533838,4,33.4096,4.057891436672733,,,,,
C2Si2,aflow:f30eea1678441288,aflowlib.duke.edu:AFLOWDATA/LIB2_WEB/CSi/119,225,cF8,"['C', 'Si']",0.0,0.0,,,,0.534996,4,33.3534,4.055614830628679,,,,,
C2Sn2,aflow:18a2da2b1ee4a6cd,aflowlib.duke.edu:AFLOWDATA/LIB2_WEB/CSn/448,225,cF8,"['C', 'Sn']",0.0,0.0,,,,1.25606,4,55.1926,4.797006235025729,,,,,
C2Sn2,aflow:26748400b7b5df21,aflowlib.duke.edu:AFLOWDATA/LIB2_WEB/CSn/14,225,cF8,"['C', 'Sn']",0.0,0.0,,,,1.25556,4,55.0069,4.791620217151072,,,,,
C2Sn2,aflow:331ac7b6680dce86,aflowlib.duke.edu:AFLOWDATA/LIB2_WEB/CSn/197,225,cF8,"['C', 'Sn']",0.0,0.0,,,,1.25852,4,55.1901,4.796933805650156,,,,,
C2Sn2,aflow:74ed1f42aa8434ad,aflowlib.duke.edu:AFLOWDATA/LIB2_WEB/CSn/119,225,cF8,"['C', 'Sn']",0.0,0.0,,,,1.25396,4,55.235,4.798234304266383,,,,,
C2Sn2,aflow:9325b7b502e56b54,aflowlib.duke.edu:AFLOWDATA/LIB2_WEB/CSn/447,225,cF8,"['C', 'Sn']",0.0,0.0,,,,1.25606,4,55.1911,4.796962777662852,,,,,
C2Sn2,aflow:95e163d9ccfdf13a,aflowlib.duke.edu:AFLOWDATA/LIB2_WEB/CSn/71,225,cF8,"['C', 'Sn']",0.0,0.0,,,,1.25854,4,55.1919,4.7969859550210385,,,,,
C2Sn2,aflow:a5977d42c7dbde7f,aflowlib.duke.edu:AFLOWDATA/LIB2_WEB/CSn/20,225,cF8,"['C', 'Sn']",0.0,0.0,,,,1.25683,4,55.3752,4.80229057342475,,,,,
C2Sn2,aflow:cbcd25e3695174ee,aflowlib.duke.edu:AFLOWDATA/LIB2_WEB/CSn/77,225,cF8,"['C', 'Sn']",0.0,0.0,,,,1.25343,4,55.257,4.798871262371784,,,,,
C2Sn2,aflow:ec50b93cd4027b1b,aflowlib.duke.edu:AFLOWDATA/LIB2_WEB/CSn/196,225,cF8,"['C', 'Sn']",0.0,0.0,,,,1.25852,4,55.1855,4.7968005298839955,,,,,
C2Sr2,aflow:0413e4f7ed7fc0e5,aflowlib.duke.edu:AFLOWDATA/LIB2_WEB/CSr_sv/20,225,cF8,"['C', 'Sr']",0.835,0.12,,,,1.26448,4,91.4429,5.6762301408022005,,,,,
C2Sr2,aflow:50020e5c2ccf2c32,aflowlib.duke.edu:AFLOWDATA/LIB2_WEB/CSr_sv/71,225,cF8,"['C', 'Sr']",0.836,0.119,,,,1.26385,4,91.4935,5.677276929869874,,,,,
C2Sr2,aflow:509ca2c6949635a8,aflowlib.duke.edu:AFLOWDATA/LIB2_WEB/CSr_sv/14,225,cF8,"['C', 'Sr']",0.836,0.119,,,,1.26395,4,91.4819,5.677036988614363,,,,,
C2Sr2,aflow:6954299d77687adf,aflowlib.duke.edu:AFLOWDATA/LIB2_WEB/CSr_sv/197,225,cF8,"['C', 'Sr']",0.836,0.119,,,,1.26395,4,91.4969,5.677347253635908,,,,,
C2Sr2,aflow:7952022f8fa58feb,aflowlib.duke.edu:AFLOWDATA/LIB2_WEB/CSr_sv/196,225,cF8,"['C', 'Sr']",0.836,0.119,,,,1.26382,4,91.4596,5.676575665252712,,,,,
C2Sr2,aflow:fb8b2f41bd719de6,aflowlib.duke.edu:AFLOWDATA/LIB2_WEB/CSr_sv/77,225,cF8,"['C', 'Sr']",0.836,0.119,,,,1.26405,4,91.5017,5.67744653128098,,,,,
C2Ta2,aflow:0904a407dfa958a3,aflowlib.duke.edu:AFLOWDATA/LIB2_WEB/CTa_pv/14,225,cF8,"['C', 'Ta']",0.0,0.0,,,,-0.589863,4,44.9937,4.481195604575396,,,,,
C2Ta2,aflow:0dab6d6d1deeaaca,aflowlib.duke.edu:AFLOWDATA/LIB2_WEB/CTa_pv/448,225,cF8,"['C', 'Ta']",0.0,0.0,,,,-0.583808,4,44.9995,4.481388148700333,,,,,
C2Ta2,aflow:1ffc07a11d537f03,aflowlib.duke.edu:AFLOWDATA/LIB2_WEB/CTa_pv/77,225,cF8,"['C', 'Ta']",0.0,0.0,,,,-0.584109,4,45.0213,4.48211170110941,,,,,
C2Ta2,aflow:5354cc0ad290ebc9,aflowlib.duke.edu:AFLOWDATA/LIB2_WEB/CTa_pv/119,225,cF8,"['C', 'Ta']",0.0,0.0,,,,-0.582902,4,45.0151,4.481905943921291,,,,,
C2Ta2,aflow:b0e922735c83c72b,aflowlib.duke.edu:AFLOWDATA/LIB2_WEB/CTa_pv/197,225,cF8,"['C', 'Ta']",0.0,0.0,,,,-0.58838,4,45.0164,4.481949088122829,,,,,
C2Ta2,aflow:bb892469ce386a0d,aflowlib.duke.edu:AFLOWDATA/LIB2_WEB/CTa_pv/74,225,cF8,"['C', 'Ta']",0.0,0.0,,,,-0.582815,4,45.0417,4.48278857532864,,,,,
C2Ta2,aflow:f51a0b81c710ac46,aflowlib.duke.edu:AFLOWDATA/LIB2_WEB/CTa_pv/20,225,cF8,"['C', 'Ta']",0.0,0.0,,,,-0.582712,4,45.0263,4.482277620566266,,,,,
C2Ti2,aflow:2982dddbcd2c49f7,aflowlib.duke.edu:AFLOWDATA/LIB2_WEB/CTi_sv/20,225,cF8,"['C', 'Ti']",0.0,0.0,,,,-0.818171,4,40.8089,4.337721130833617,,,,,
C2Ti2,aflow:32264dc2b6024293,aflowlib.duke.edu:AFLOWDATA/LIB2_WEB/CTi_sv/74,225,cF8,"['C', 'Ti']",0.0,0.0,,,,-0.817975,4,40.8112,4.33780262099202,,,,,
C2Ti2,aflow:66d67289b490dc0d,aflowlib.duke.edu:AFLOWDATA/LIB2_WEB/CTi_sv/119,225,cF8,"['C', 'Ti']",0.0,0.0,,,,-0.817984,4,40.8114,4.3378097069480575,,,,,
C2Ti2,aflow:7da4b6fd20a0bf97,aflowlib.duke.edu:AFLOWDATA/LIB2_WEB/CTi_sv/14,225,cF8,"['C', 'Ti']",0.0,0.0,,,,-0.816734,4,40.8078,4.337682156197232,,,,,
C2Ti2,aflow:901ebbe43f826f44,aflowlib.duke.edu:AFLOWDATA/LIB2_WEB/CTi_sv/197,225,cF8,"['C', 'Ti']",0.0,0.0,,,,-0.821028,4,40.8026,4.33749790297966,,,,,
C2Ti2,aflow:a88d6615efa509d6,aflowlib.duke.edu:AFLOWDATA/LIB2_WEB/CTi_sv/71,225,cF8,"['C', 'Ti']",0.0,0.0,,,,-0.820968,4,40.7976,4.3373207216607765,,,,,
C2Ti2,aflow:da72b3bb0563baf4,aflowlib.duke.edu:AFLOWDATA/LIB2_WEB/CTi_sv/77,225,cF8,"['C', 'Ti']",0.0,0.0,,,,-0.818819,4,40.8105,4.3377778199635815,,,,,
C2Ti2,aflow:e3f4b39b8bf25027,aflowlib.duke.edu:AFLOWDATA/LIB2_WEB/CTi_sv/447,225,cF8,"['C', 'Ti']",0.0,0.0,,,,-0.818985,4,40.8081,4.337692785712978,,,,,
C2Ti2,aflow:e44e74bc3018f887,aflowlib.duke.edu:AFLOWDATA/LIB2_WEB/CTi_sv/448,225,cF8,"['C', 'Ti']",0.0,0.0,,,,-0.818986,4,40.8139,4.337898279445278,,,,,
C2Ti2,aflow:f658528958f9b1a3,aflowlib.duke.edu:AFLOWDATA/LIB2_WEB/CTi_sv/196,225,cF8,"['C', 'Ti']",0.0,0.0,,,,-0.821031,4,40.8029,4.337508533398488,,,,,
C2Tl2,aflow:1c15065436751a11,aflowlib.duke.edu:AFLOWDATA/LIB2_WEB/CTl_d/119,225,cF8,"['C', 'Tl']",0.0,0.0,,,,2.10479,4,63.9311,5.037875038525405,,,,,
C2Tl2,aflow:3b0798118253759c,aflowlib.duke.edu:AFLOWDATA/LIB2_WEB/CTl_d/77,225,cF8,"['C', 'Tl']",0.0,0.0,,,,2.10351,4,63.9015,5.0370974090600305,,,,,
C2Tl2,aflow:7be4d975b7aaed35,aflowlib.duke.edu:AFLOWDATA/LIB2_WEB/CTl_d/20,225,cF8,"['C', 'Tl']",0.0,0.0,,,,2.10329,4,63.9059,5.037213017822105,,,,,
C2Tl2,aflow:e28c39fb8b8b8bdc,aflowlib.duke.edu:AFLOWDATA/LIB2_WEB/CTl_d/448,225,cF8,"['C', 'Tl']",0.0,0.0,,,,2.10403,4,63.8748,5.036395760238093,,,,,
C2V2,aflow:39f5f3311dd949b2,aflowlib.duke.edu:AFLOWDATA/LIB2_WEB/CV_sv/448,225,cF8,"['C', 'V']",0.0,0.0,,,,-0.41763,4,36.0899,4.1636277218721185,,,,,
C2V2,aflow:69b7ceb04abf1579,aflowlib.duke.edu:AFLOWDATA/LIB2_WEB/CV_sv/77,225,cF8,"['C', 'V']",0.0,0.0,,,,-0.417072,4,36.0963,4.163873826206149,,,,,
C2V2,aflow:86c5d20d9ef2fd3c,aflowlib.duke.edu:AFLOWDATA/LIB2_WEB/CV_sv/71,225,cF8,"['C', 'V']",0.0,0.0,,,,-0.420524,4,36.0891,4.163596956784659,,,,,
C2V2,aflow:93b627b29585bea4,aflowlib.duke.edu:AFLOWDATA/LIB2_WEB/CV_sv/74,225,cF8,"['C', 'V']",0.0,0.0,,,,-0.418118,4,36.0909,4.163666177592106,,,,,
C2V2,aflow:b7d794d42f923521,aflowlib.duke.edu:AFLOWDATA/LIB2_WEB/CV_sv/20,225,cF8,"['C', 'V']",0.0,0.0,,,,-0.418503,4,36.0858,4.163470045992836,,,,,
C2V2,aflow:be6c8ef02e7ef704,aflowlib.duke.edu:AFLOWDATA/LIB2_WEB/CV_sv/197,225,cF8,"['C', 'V']",0.0,0.0,,,,-0.420583,4,36.0853,4.163450816410029,,,,,
C2V2,aflow:db541650bb1cc506,aflowlib.duke.edu:AFLOWDATA/LIB2_WEB/CV_sv/119,225,cF8,"['C', 'V']",0.0,0.0,,,,-0.418126,4,36.09,4.1636315674760835,,,,,
C2V2,aflow:eca3a44e871d431c,aflowlib.duke.edu:AFLOWDATA/LIB2_WEB/CV_sv/14,225,cF8,"['C', 'V']",0.0,0.0,,,,-0.418952,4,36.0893,4.163604648099147,,,,,
C2V2,aflow:f6462c506056a403,aflowlib.duke.edu:AFLOWDATA/LIB2_WEB/CV_sv/196,225,cF8,"['C', 'V']",0.0,0.0,,,,-0.420584,4,36.0845,4.163420048708061,,,,,
C2Y2,aflow:1e6f94fea052598a,aflowlib.duke.edu:AFLOWDATA/LIB2_WEB/CY_sv/71,225,cF8,"['C', 'Y']",0.0,0.0,,,,0.0401805,4,66.1036,5.09430608931348,,,,,
C2Y2,aflow:3cd0b9c5fb8ce296,aflowlib.duke.edu:AFLOWDATA/LIB2_WEB/CY_sv/197,225,cF8,"['C', 'Y']",0.0,0.0,,,,0.0401498,4,66.1138,5.094568098491543,,,,,
C2Y2,aflow:41f5994207bb8719,aflowlib.duke.edu:AFLOWDATA/LIB2_WEB/CY_sv/447,225,cF8,"['C', 'Y']",0.0,0.0,,,,0.0362175,4,66.0941,5.094062036914819,,,,,
C2Y2,aflow:5b197ac523249646,aflowlib.duke.edu:AFLOWDATA/LIB2_WEB/CY_sv/74,225,cF8,"['C', 'Y']",0.0,0.0,,,,0.0391723,4,66.0992,5.09419305742545,,,,,
C2Y2,aflow:bb2aa24d77261e7c,aflowlib.duke.edu:AFLOWDATA/LIB2_WEB/CY_sv/20,225,cF8,"['C', 'Y']",0.0,0.0,,,,0.0360155,4,66.1066,5.094383153634118,,,,,
C2Y2,aflow:bd72e5000f7c1a0c,aflowlib.duke.edu:AFLOWDATA/LIB2_WEB/CY_sv/14,225,cF8,"['C', 'Y']",0.0,0.0,,,,0.0404765,4,66.0865,5.093866778157557,,,,,
C2Y2,aflow:c7e1c9d53295ffe6,aflowlib.duke.edu:AFLOWDATA/LIB2_WEB/CY_sv/77,225,cF8,"['C', 'Y']",0.0,0.0,,,,0.0356597,4,66.0861,5.093856500966188,,,,,
C2Y2,aflow:ceae281786f7eddf,aflowlib.duke.edu:AFLOWDATA/LIB2_WEB/CY_sv/196,225,cF8,"['C', 'Y']",0.0,0.0,,,,0.0401568,4,66.1111,5.0944987457436035,,,,,
C2Y2,aflow:dd5340aa947070cd,aflowlib.duke.edu:AFLOWDATA/LIB2_WEB/CY_sv/448,225,cF8,"['C', 'Y']",0.0,0.0,,,,0.036217,4,66.0966,5.09412626349746,,,,,
C2Y2,aflow:f0a653ec42f26286,aflowlib.duke.edu:AFLOWDATA/LIB2_WEB/CY_sv/119,225,cF8,"['C', 'Y']",0.0,0.0,,,,0.0390928,4,66.0833,5.0937845594654245,,,,,
C2Zn2,aflow:0590fc8afc5703a2,aflowlib.duke.edu:AFLOWDATA/LIB2_WEB/CZn/448,225,cF8,"['C', 'Zn']",0.0,0.0,,,,1.64651,4,42.5985,4.400223817815815,,,,,
C2Zn2,aflow:577f82edb1c99635,aflowlib.duke.edu:AFLOWDATA/LIB2_WEB/CZn/447,225,cF8,"['C', 'Zn']",0.0,0.0,,,,1.64651,4,42.6054,4.400461384124443,,,,,
C2Zn2,aflow:5a2a8b0c08d58021,aflowlib.duke.edu:AFLOWDATA/LIB2_WEB/CZn/14,225,cF8,"['C', 'Zn']",0.0,0.0,,,,1.65156,4,42.6434,4.4017692609282,,,,,
C2Zr2,aflow:57ff0c07a3703efc,aflowlib.duke.edu:AFLOWDATA/LIB2_WEB/CZr_sv/196,225,cF8,"['C', 'Zr']",0.0,0.0,,,,-0.815152,4,52.6963,4.723566561248363,,,,,
C2Zr2,aflow:6665dfb5751c71f7,aflowlib.duke.edu:AFLOWDATA/LIB2_WEB/CZr_sv/447,225,cF8,"['C', 'Zr']",0.0,0.0,,,,-0.812525,4,52.6843,4.723207983879041,,,,,
C2Zr2,aflow:6f2f72c7f51c5134,aflowlib.duke.edu:AFLOWDATA/LIB2_WEB/CZr_sv/20,225,cF8,"['C', 'Zr']",0.0,0.0,,,,-0.813384,4,52.6805,4.723094423027725,,,,,
C2Zr2,aflow:a46ac1e8c6e16ef8,aflowlib.duke.edu:AFLOWDATA/LIB2_WEB/CZr_sv/71,225,cF8,"['C', 'Zr']",0.0,0.0,,,,-0.814941,4,52.9012,4.729680887070538,,,,,
C2Zr2,aflow:b334c65577be902c,aflowlib.duke.edu:AFLOWDATA/LIB2_WEB/CZr_sv/197,225,cF8,"['C', 'Zr']",0.0,0.0,,,,-0.815202,4,52.6843,4.723207983879041,,,,,
C2Zr2,aflow:cf7e5bd2764f210c,aflowlib.duke.edu:AFLOWDATA/LIB2_WEB/CZr_sv/119,225,cF8,"['C', 'Zr']",0.0,0.0,,,,-0.812211,4,52.6799,4.7230764918677925,,,,,
C2Zr2,aflow:e07145e137ede25a,aflowlib.duke.edu:AFLOWDATA/LIB2_WEB/CZr_sv/77,225,cF8,"['C', 'Zr']",0.0,0.0,,,,-0.813144,4,52.733,4.724662872655388,,,,,
C2Zr2,aflow:ead912e5a1dcbe8a,aflowlib.duke.edu:AFLOWDATA/LIB2_WEB/CZr_sv/14,225,cF8,"['C', 'Zr']",0.0,0.0,,,,-0.81068,4,52.7503,4.725179486103866,,,,,
C2Zr2,aflow:f5fefe7d8e9c0aac,aflowlib.duke.edu:AFLOWDATA/LIB2_WEB/CZr_sv/448,225,cF8,"['C', 'Zr']",0.0,0.0,,,,-0.812848,4,52.6827,4.723160169449328,,,,,
C2Zr2,aflow:fde18dc823cf2b4e,aflowlib.duke.edu:AFLOWDATA/LIB2_WEB/CZr_sv/74,225,cF8,"['C', 'Zr']",0.0,0.0,,,,-0.811887,4,52.7751,4.725919867938685,,,,,
C3Ga3,aflow:264658e647dcbd8b,aflowlib.duke.edu:AFLOWDATA/LIB2_WEB/CGa_h/136,225,cF8,"['C', 'Ga']",0.0,0.0,,,,1.21361,6,63.4862,4.390756536278209,,,,,
C3Hf3,aflow:4dc630362196c80b,aflowlib.duke.edu:AFLOWDATA/LIB2_WEB/CHf_pv/136,225,cF8,"['C', 'Hf']",0.0,0.0,,,,-0.945232,6,75.4492,4.650837068766383,,,,,
C3K3,aflow:39b23367f95e21da,aflowlib.duke.edu:AFLOWDATA/LIB2_WEB/CK_sv/136,225,cF8,"['C', 'K']",1.219,0.066,,,,2.30597,6,176.95,6.17916465402061,,,,,
C3Nb3,aflow:add3c9ae1ab32d90,aflowlib.duke.edu:AFLOWDATA/LIB2_WEB/CNb_sv/136,225,cF8,"['C', 'Nb']",0.0,0.0,,,,-0.548735,6,67.5965,4.483539312669791,,,,,
C3Rb3,aflow:a6968d6c87126e41,aflowlib.duke.edu:AFLOWDATA/LIB2_WEB/CRb_sv/136,225,cF8,"['C', 'Rb']",1.208,0.074,,,,2.30424,6,204.183,6.481160438419229,,,,,
C3Sc3,aflow:23af3adaaa67d862,aflowlib.duke.edu:AFLOWDATA/LIB2_WEB/CSc_sv/136,225,cF8,"['C', 'Sc']",0.0,0.0,,,,-0.136684,6,77.2345,4.687234612135557,,,,,
C3Sn3,aflow:048889c9e544f5b0,aflowlib.duke.edu:AFLOWDATA/LIB2_WEB/CSn/136,225,cF8,"['C', 'Sn']",0.0,0.0,,,,1.25486,6,82.5711,4.7927959060869485,,,,,
C3Ta3,aflow:2945df5489ef8baf,aflowlib.duke.edu:AFLOWDATA/LIB2_WEB/CTa_pv/136,225,cF8,"['C', 'Ta']",0.0,0.0,,,,-0.588928,6,67.5039,4.4814910534308385,,,,,
C3Ti3,aflow:07cac2b048f894da,aflowlib.duke.edu:AFLOWDATA/LIB2_WEB/CTi_sv/136,225,cF8,"['C', 'Ti']",0.0,0.0,,,,-0.816932,6,61.2147,4.337753018651543,,,,,
C3V3,aflow:eaf58de4617a73aa,aflowlib.duke.edu:AFLOWDATA/LIB2_WEB/CV_sv/136,225,cF8,"['C', 'V']",0.0,0.0,,,,-0.418818,6,54.1328,4.163575164572626,,,,,
C3Y3,aflow:316b947840d56d84,aflowlib.duke.edu:AFLOWDATA/LIB2_WEB/CY_sv/136,225,cF8,"['C', 'Y']",0.0,0.0,,,,0.0396632,6,99.1611,5.094403703725853,,,,,
C3Zr3,aflow:e3eaf97941cd6d4e,aflowlib.duke.edu:AFLOWDATA/LIB2_WEB/CZr_sv/136,225,cF8,"['C', 'Zr']",0.0,0.0,,,,-0.810632,6,79.078,4.7242347643586795,,,,,
C4Cu4,aflow:06e47ca06f3b4486,aflowlib.duke.edu:AFLOWDATA/LIB2_WEB/CCu_pv/195,225,cF8,"['C', 'Cu']",0.0,0.0,,,,1.70193,8,74.9985,4.217135211899138,,,,,
C4Hf4,aflow:9c2a810cc0fd9a26,aflowlib.duke.edu:AFLOWDATA/LIB2_WEB/CHf_pv/256,225,cF8,"['C', 'Hf']",0.0,0.0,,,,-0.947651,8,100.559,4.650221595020363,,,,,
C4K4,aflow:23c91884ee41bec1,aflowlib.duke.edu:AFLOWDATA/LIB2_WEB/CK_sv/256,225,cF8,"['C', 'K']",1.219,0.066,,,,2.30599,8,236.001,6.1797553343089735,,,,,
C4Mg4,aflow:c4fe1a149e48f38c,aflowlib.duke.edu:AFLOWDATA/LIB2_WEB/CMg_pv/195,225,cF8,"['C', 'Mg']",-0.116,-0.005,,,,1.32546,8,98.8366,4.623518493102031,,,,,
C4Nb4,aflow:dc952582ffbb8259,aflowlib.duke.edu:AFLOWDATA/LIB2_WEB/CNb_sv/256,225,cF8,"['C', 'Nb']",0.0,0.0,,,,-0.542754,8,90.0708,4.48257956245948,,,,,
C4Rb4,aflow:d268f19fce06e65d,aflowlib.duke.edu:AFLOWDATA/LIB2_WEB/CRb_sv/256,225,cF8,"['C', 'Rb']",1.208,0.075,,,,2.30427,8,272.058,6.4796841028750585,,,,,
C4Sc4,aflow:fd5c5403ef4e4a93,aflowlib.duke.edu:AFLOWDATA/LIB2_WEB/CSc_sv/256,225,cF8,"['C', 'Sc']",0.0,0.0,,,,-0.140642,8,102.9,4.686030650575186,,,,,
C4Si4,aflow:319f5cc871cdde67,aflowlib.duke.edu:AFLOWDATA/LIB2_WEB/CSi/195,225,cF8,"['C', 'Si']",0.0,0.0,,,,0.534996,8,66.629,4.054037532264999,,,,,
C4Ta4,aflow:e8311f34901609fe,aflowlib.duke.edu:AFLOWDATA/LIB2_WEB/CTa_pv/256,225,cF8,"['C', 'Ta']",0.0,0.0,,,,-0.581093,8,89.9837,4.4811341861583465,,,,,
C4Ti4,aflow:7d10363a8ae5686b,aflowlib.duke.edu:AFLOWDATA/LIB2_WEB/CTi_sv/195,225,cF8,"['C', 'Ti']",0.0,0.0,,,,-0.818735,8,81.6167,4.337701643602972,,,,,
C4Ti4,aflow:f614a00eb911e953,aflowlib.duke.edu:AFLOWDATA/LIB2_WEB/CTi_sv/256,225,cF8,"['C', 'Ti']",0.0,0.0,,,,-0.818779,8,81.6156,4.337682156197232,,,,,
C4V4,aflow:82360f459e61253c,aflowlib.duke.edu:AFLOWDATA/LIB2_WEB/CV_sv/256,225,cF8,"['C', 'V']",0.0,0.0,,,,-0.418783,8,72.1618,4.163281588421388,,,,,
C4Y4,aflow:b8bb8f2e6d537290,aflowlib.duke.edu:AFLOWDATA/LIB2_WEB/CY_sv/256,225,cF8,"['C', 'Y']",0.0,0.0,,,,0.0373582,8,132.172,5.093853931661867,,,,,
C4Y4,aflow:df32e24f6421a3aa,aflowlib.duke.edu:AFLOWDATA/LIB2_WEB/CY_sv/195,225,cF8,"['C', 'Y']",0.0,0.0,,,,0.0397724,8,132.198,5.094187919493176,,,,,
C4Zr4,aflow:318ab546041231b8,aflowlib.duke.edu:AFLOWDATA/LIB2_WEB/CZr_sv/195,225,cF8,"['C', 'Zr']",0.0,0.0,,,,-0.812778,8,105.471,4.724737534761522,,,,,
C4Zr4,aflow:6a86662056223701,aflowlib.duke.edu:AFLOWDATA/LIB2_WEB/CZr_sv/4,225,cF8,"['C', 'Zr']",0.0,0.0,,,,-0.812776,8,105.413,4.723871309213775,,,,,
C4Zr4,aflow:c1d98b81a61a0070,aflowlib.duke.edu:AFLOWDATA/LIB2_WEB/CZr_sv/256,225,cF8,"['C', 'Zr']",0.0,0.0,,,,-0.812574,8,105.469,4.724707670202231,,,,,
C8Cr8,aflow:e83abaf44bac1aa0,aflowlib.duke.edu:AFLOWDATA/LIB2_WEB/CCr_pv/AB_cF64_227_cd_e-001.AB,225,cF8,"['C', 'Cr']",-0.115,1.364,,,,0.158124,16,138.125,4.102803951488882,,,,,
C8Hf8,aflow:3158d4e95d222094,aflowlib.duke.edu:AFLOWDATA/LIB2_WEB/CHf_pv/AB_cF64_227_cd_e-001.AB,225,cF8,"['C', 'Hf']",0.0,0.0,,,,-0.946631,16,201.135,4.650352615184005,,,,,
C8Mn8,aflow:5a6d104b3953086b,aflowlib.duke.edu:AFLOWDATA/LIB2_WEB/CMn_pv/AB_cF64_227_cd_e-001.AB,225,cF8,"['C', 'Mn']",-0.139,2.012,,,,0.309436,16,135.783,4.079483065995369,,,,,
C8Mo8,aflow:f69e3fdd18342b74,aflowlib.duke.edu:AFLOWDATA/LIB2_WEB/CMo_pv/AB_cF64_227_cd_e-001.AB,225,cF8,"['C', 'Mo']",0.0,0.0,,,,0.213787,16,168.402,4.383009545238104,,,,,
C8Nb8,aflow:febb68e476b77e4d,aflowlib.duke.edu:AFLOWDATA/LIB2_WEB/CNb_sv/AB_cF64_227_cd_e-001.AB,225,cF8,"['C', 'Nb']",0.0,0.0,,,,-0.544768,16,180.403,4.484746709466685,,,,,
C8Sc8,aflow:403d76d901c46939,aflowlib.duke.edu:AFLOWDATA/LIB2_WEB/CSc_sv/AB_cF64_227_cd_e-001.AB,225,cF8,"['C', 'Sc']",0.0,0.0,,,,-0.142041,16,205.805,4.686068599981579,,,,,
C8Ta8,aflow:d9d906b440b97660,aflowlib.duke.edu:AFLOWDATA/LIB2_WEB/CTa_pv/AB_cF64_227_cd_e-001.AB,225,cF8,"['C', 'Ta']",0.0,0.0,,,,-0.586216,16,179.952,4.481006364054704,,,,,
C8Ti8,aflow:2246c9919e854e15,aflowlib.duke.edu:AFLOWDATA/LIB2_WEB/CTi_sv/ICSD_618950.AB,225,cF8,"['C', 'Ti']",0.0,0.0,,,,-0.818546,16,163.233,4.337698100451315,,,,,
C8W8,aflow:533a769bbd0500b1,aflowlib.duke.edu:AFLOWDATA/LIB2_WEB/CW_pv/AB_cF64_227_cd_e-001.AB,225,cF8,"['C', 'W']",0.0,0.0,,,,0.323987,16,169.27,4.390527140965533,,,,,
C8Y8,aflow:87862b4655986107,aflowlib.duke.edu:AFLOWDATA/LIB2_WEB/CY_sv/AB_cF64_227_cd_e-001.AB,225,cF8,"['C', 'Y']",0.0,0.0,,,,0.0367497,16,264.445,5.094502598723582,,,,,
C8Zr8,aflow:ed13bcd87f99c01a,aflowlib.duke.edu:AFLOWDATA/LIB2_WEB/CZr_sv/AB_cF64_227_cd_e-001.AB,225,cF8,"['C', 'Zr']",0.0,0.0,,,,-0.812065,16,210.793,4.723624824928996,,,,,
