compound,binding_metal,run_count,spinD_carbon_aflow,spinD_carbon_icsd,spinD_metal_aflow,spinD_metal_icsd,Egap,agl_thermal_expansion_300K,agl_debye,enthalpy_formation_atom,calculated_lattice_parameter,ael_bulk_modulus_vrh,ael_poisson_ratio_aflow,ael_poisson_ratio_icsd,ael_shear_modulus_vrh_aflow,ael_shear_modulus_vrh_icsd,ael_youngs_modulus_vrh_aflow,ael_youngs_modulus_vrh_icsd,agl_thermal_conductivity_300K_aflow,agl_thermal_conductivity_300K_icsd
Ag1C1,Ag,6,0.0,0.0,0.0,0.0,0.0,7.87e-05,181.934,2.2338320000000005,4.67235934503762,114.983,,0.445519,,13.0009,,37.5862,,0.868197
Ag2C2,Ag,1,0.0,,0.0,,,,,2.2328,4.66632945409171,,,,,,,,,
Al1C1,Al,3,0.0,,0.0,,,,,0.485762,4.268798847502474,,,,,,,,,
Al2C2,Al,5,0.0,,0.0,,,,,0.4853446,4.269115634838284,,,,,,,,,
Al3C3,Al,1,0.0,,0.0,,,,,0.486453,4.268591525154436,,,,,,,,,
Al4C4,Al,1,0.0,,0.0,,,,,0.485878,4.269157345689188,,,,,,,,,
As1C1,As,4,0.0,,0.0,,,,,1.482065,4.480056599311412,,,,,,,,,
Au1C1,Au,4,0.0,,0.0,,,,,2.0879725,4.6721210514215805,,,,,,,,,
Au2C2,Au,1,0.0,,0.0,,,,,2.08451,4.671167992362114,,,,,,,,,
B1C1,B,3,0.0,,0.0,,,,,1.4183200000000002,3.5934035582861052,,,,,,,,,
B2C2,B,2,0.0,,0.0,,,,,1.4210600000000002,3.5928613145509365,,,,,,,,,
Ba1C1,Ba,4,0.806,,0.149,,,,,1.3920024999999998,6.021984165101188,,,,,,,,,
Ba2C2,Ba,4,0.8067500000000001,,0.149,,,,,1.3922175,6.0211429013889255,,,,,,,,,
Be1C1,Be,3,0.0,,0.0,,,,,1.30177,3.867670501689311,,,,,,,,,
Bi1C1,Bi,4,0.0,,0.0,,,,,1.680525,5.138080958567156,,,,,,,,,
Bi2C2,Bi,1,0.0,,0.0,,,,,1.68055,5.138261510402349,,,,,,,,,
Br1C1,Br,4,0.0,,0.0,,,,,2.630745,4.957737109415744,,,,,,,,,
C1Ca1,Ca,4,0.815,,0.135,,,,,1.1306825,5.286418207813162,,,,,,,,,
C1Cd1,Cd,5,0.0,0.0,0.0,0.0,0.0,7.05804e-05,254.052,1.9777200000000001,4.85374270546126,100.944,,0.384193,,25.3362,,70.1405,,2.96884
C1Ce1,Ce,2,,0.0,,0.0,0.0,2.86091e-05,416.023,,5.190698322436448,130.533,,0.264698,,72.8587,,184.289,,28.801
C1Co1,Co,4,0.026,,0.274,,,,,0.8196567499999999,4.008847081990198,,,,,,,,,
C1Cr1,Cr,8,0.0,-0.38533333333333336,-0.0006000000000000001,2.573,0.0,4.1214600000000003e-05,617.5765,0.1733298,4.140623212476853,235.4375,0.308903,0.325967,108.553,87.8191,284.171,232.89,14.1711,20.8326
C1Cs1,Cs,2,1.193,,0.097,,,,,2.25759,6.816588674635319,,,,,,,,,
C1Cu1,Cu,3,0.0,,0.0,,,,,1.7004066666666666,4.216585964665081,,,,,,,,,
C1Fe1,Fe,4,0.0,,0.0,,,,,0.5981095,3.9937088596303982,,,,,,,,,
C1Ga1,Ga,4,0.0,,0.0,,,,,1.214235,4.390279851215162,,,,,,,,,
C1Ge1,Ge,5,0.0,0.0,0.0,0.0,0.0,5.09519e-05,561.051,1.28282125,4.388004024150018,164.558,,0.245246,,100.997,,251.532,,19.6338
C1Hf1,Hf,34,0.0,0.0,0.0,0.0,0.0,2.2552750000000002e-05,535.9845,-0.9471903227513228,4.650042571993383,238.58499999999998,0.189265,0.191862,186.35,185.706,443.239,442.671,65.1477,63.6972
C1Hg1,Hg,4,0.0,,0.0,,,,,2.2987025,4.909819248978874,,,,,,,,,
C1I1,I,4,0.0,,0.0,,,,,2.49298,5.232882079287128,,,,,,,,,
C1In1,In,6,0.0,,0.0,,,,,1.4965216666666665,4.830523079860814,,,,,,,,,
C1Ir1,Ir,4,0.022000000000000002,0.115,0.122,0.492,0.0,,,1.43596,4.394048008364285,,,,,,,,,
C1K1,K,4,1.219,,0.066,,,,,2.30599,6.179561539159307,,,,,,,,,
C1Li1,Li,3,0.002,,0.0,,,,,1.98438,4.277660720293785,,,,,,,,,
C1Mg1,Mg,3,0.0,,0.0,,,,,1.32484,4.622700228182999,,,,,,,,,
C1Mn1,Mn,4,-0.14,,2.221,,,,,0.30956175,4.095930920631537,,,,,,,,,
C1Mo1,Mo,10,0.0,0.0,0.0,0.0,0.0,2.0154850000000002e-05,648.4815,0.21219040000000003,4.388554887898266,329.8665,0.312958,0.265415,142.779,181.109,374.925,458.355,40.5291,58.2171
C1Na1,Na,3,1.231,,0.018,,,,,2.4929099999999997,5.474964121385521,,,,,,,,,
C1Nb1,Nb,42,0.0,0.0,0.0,0.0,0.0,1.862735e-05,734.0365,-0.5426602222222222,4.49675669264413,299.1495,0.230638,0.22431,196.74,201.772,484.231,494.064,75.4542,78.8903
C1Ni1,Ni,5,0.0,0.0,0.0,0.0,0.0,3.90586e-05,496.981,1.101345,4.048133749132768,264.689,,0.379263,,69.5103,,191.746,,12.2368
C1Os1,Os,4,0.0,0.0,0.0,0.0,0.0,,,1.38649,4.36021873432001,,,,,,,,,
C1P1,P,4,0.0,,0.0,,,,,1.185695,4.162654555345528,,,,,,,,,
C1Pa1,Pa,2,,0.0,,0.0,0.0,2.08027e-05,316.019,,5.078608324871977,185.272,,0.315993,,77.7165,,204.549,,30.8236
C1Pb1,Pb,4,0.0,,0.0,,,,,1.811765,5.0982321176498875,,,,,,,,,
C1Pd1,Pd,6,0.0,0.0,0.0,0.0,0.0,4.45288e-05,341.987,1.4911325,4.434266750216702,210.867,,0.396147,,47.056,,131.394,,5.43069
C1Pt1,Pt,7,0.0,0.0,0.0,0.0,0.0,3.54733e-05,248.065,1.4765475,4.4647918868823915,259.283,,0.422009,,42.6618,,121.331,,3.85442
C1Pu1,Pu,8,,0.34575,,4.39625,0.0,,,,4.98622674062285,,,,,,,,,
C1Rb1,Rb,4,1.2077499999999999,,0.074,,,,,2.30427,6.480185018720336,,,,,,,,,
C1Re1,Re,5,0.0,-0.0175,0.002,0.4265,0.0,,,0.936073,4.368667436929552,,,,,,,,,
C1Rh1,Rh,5,0.069,0.113,0.17899999999999996,0.302,0.0,3.09355e-05,405.975,1.08719,4.352745006523877,280.367,,0.390611,,66.1628,,184.014,,10.6001
C1Ru1,Ru,5,0.0,0.0,0.0,0.0,0.0,2.79783e-05,204.963,0.905407,4.31582167979003,317.922,,0.475088,,16.1078,,47.521,,1.49975
C1Sb1,Sb,4,0.0,,0.0,,,,,1.35775,4.891683797389682,,,,,,,,,
C1Sc1,Sc,7,0.0,0.0,0.0,0.0,0.0,3.348255e-05,601.1135,-0.141557,4.7226535700672745,150.1225,0.307883,0.294489,67.6882,69.843,177.057,180.822,26.9782,28.7652
C1Se1,Se,4,0.0,,0.0,,,,,1.923505,4.603864112744722,,,,,,,,,
C1Si1,Si,5,0.0,0.0,0.0,0.0,0.0,2.71302e-05,1026.21,0.5349645,4.057087442176068,242.211,,0.206966,,176.416,,425.857,,60.7937
C1Sn1,Sn,5,0.0,0.0,0.0,0.0,0.0,5.65259e-05,444.036,1.25588,4.846626462938577,119.661,,0.211036,,85.6568,,207.467,,14.5718
C1Sr1,Sr,4,0.835,,0.11925,,,,,1.2640425,5.6772737933812465,,,,,,,,,
C1Ta1,Ta,61,0.0,0.0,0.0,0.0,0.0,1.941695e-05,555.5425,-0.58063425,4.492460204842776,318.414,0.229615,0.237138,212.011,201.073,521.383,497.51,64.3567,61.4198
C1Tc1,Tc,4,0.0,-0.114,0.0,1.385,0.0,5.51523e-05,439.187,0.644485,4.3531378540147285,230.128,,0.362243,,69.8152,,190.211,,5.40894
C1Te1,Te,4,0.0,,0.0,,,,,1.8436825,4.997909792216116,,,,,,,,,
C1Th1,Th,10,,0.0,,0.0,0.0,2.4455e-05,355.982,,5.480067955999349,147.5,,0.250005,,88.4978,,221.245,,29.595
C1Ti1,Ti,39,0.0,0.0,0.0,0.0,0.0,2.07259e-05,895.9390000000001,-0.8179829999999999,4.372187204735529,244.442,0.211539,0.201768,178.651,177.762,432.886,427.257,84.6612,91.4544
C1Tl1,Tl,5,0.0,0.0,0.0,0.0,0.0,8.53159e-05,221.86,2.1047525,5.0391106059621755,85.1167,,0.329857,,32.6696,,86.8919,,2.90536
C1U1,U,23,,-0.01956521739130435,,0.17621739130434783,0.0,,,,4.988857476498571,,,,,,,,,
C1V1,V,24,0.0,-0.00015789473684210527,0.0,0.0007894736842105263,0.0,1.945515e-05,932.539,-0.4175352,4.177259682300164,300.2,0.220996,0.206732,208.903,215.561,510.14,520.248,87.7031,96.1928
C1W1,W,8,0.0,0.0,0.0,0.0,0.0,1.975275e-05,489.5375,0.32325360000000003,4.398063807566966,360.8985,0.319009,0.286673,149.884,177.914,395.396,457.835,34.3509,44.9704
C1Y1,Y,6,0.0,0.0,0.0,0.0,0.0,3.7955700000000007e-05,457.038,0.0366209375,5.0944049454609726,124.0445,0.274763,0.279353,65.5633,64.3648,167.156,164.691,19.9858,19.4086
C1Zn1,Zn,4,0.0,,0.0,,,,,1.6496425000000001,4.4015782848618095,,,,,,,,,
C1Zr1,Zr,51,0.0,0.0,0.0,0.0,0.0,2.1894399999999998e-05,673.9255,-0.8125236388888889,4.723915343325833,218.95850000000002,0.209052,0.212686,156.693,156.986,378.901,380.749,67.4176,67.4411
C2Ca2,Ca,6,0.8144999999999999,,0.135,,,,,1.1313199999999999,5.285816664356883,,,,,,,,,
C2Cd2,Cd,2,0.0,,0.0,,,,,1.977325,4.854186344890747,,,,,,,,,
C2Cr2,Cr,1,-0.119,,1.447,,,,,0.159307,4.107402846085805,,,,,,,,,
C2Fe2,Fe,7,0.0,,0.0,,,,,0.5981928571428572,3.9936721258364836,,,,,,,,,
C2Ga2,Ga,2,0.0,,0.0,,,,,1.21469,4.393076951578469,,,,,,,,,
C2Ge2,Ge,4,0.0,,0.0,,,,,1.282105,4.388376028706405,,,,,,,,,
C2Hf2,Hf,10,0.0,,0.0,,,,,-0.9480747,4.6509103064490995,,,,,,,,,
C2Hg2,Hg,4,0.0,,0.0,,,,,2.3022275,4.9097397044036235,,,,,,,,,
C2In2,In,4,0.0,,0.0,,,,,1.4953825,4.830110911130054,,,,,,,,,
C2K2,K,10,1.219,,0.066,,,,,2.3060210000000003,6.179399036379226,,,,,,,,,
C2Mg2,Mg,4,0.00175,,0.0,,,,,1.325275,4.622493003617485,,,,,,,,,
C2Mn2,Mn,8,-0.141125,,2.085625,,,,,0.309352125,4.0852022367834255,,,,,,,,,
C2Mo2,Mo,1,0.0,,0.0,,,,,0.214948,4.382582659821558,,,,,,,,,
C2Nb2,Nb,7,0.0,,0.0,,,,,-0.545584,4.482864827730056,,,,,,,,,
C2Pb2,Pb,4,0.0,,0.0,,,,,1.81115,5.098329909032709,,,,,,,,,
C2Rb2,Rb,9,1.2081111111111111,,0.07422222222222222,,,,,2.304038888888889,6.4802872177372155,,,,,,,,,
C2Sc2,Sc,9,0.00022222222222222223,,0.00011111111111111112,,,,,-0.14004555555555556,4.686219489819994,,,,,,,,,
C2Si2,Si,7,0.0,,0.0,,,,,0.5350358571428572,4.056516258749296,,,,,,,,,
C2Sn2,Sn,9,0.0,,0.0,,,,,1.2563866666666668,4.797300628939751,,,,,,,,,
C2Sr2,Sr,6,0.8358333333333333,,0.11916666666666666,,,,,1.2640166666666666,5.67698558490934,,,,,,,,,
C2Ta2,Ta,7,0.0,,0.0,,,,,-0.5849412857142857,4.481945240332023,,,,,,,,,
C2Ti2,Ti,10,0.0,,0.0,,,,,-0.8190681,4.337671165813169,,,,,,,,,
C2Tl2,Tl,4,0.0,,0.0,,,,,2.103905,5.037145306411408,,,,,,,,,
C2V2,V,9,0.0,,0.0,,,,,-0.4188991111111111,4.163593534349022,,,,,,,,,
C2Y2,Y,10,0.0,,0.0,,,,,0.038333839999999994,5.094164528360965,,,,,,,,,
C2Zn2,Zn,3,0.0,,0.0,,,,,1.6481933333333334,4.400818154289486,,,,,,,,,
C2Zr2,Zr,10,0.0,,0.0,,,,,-0.8131974,4.724475672711977,,,,,,,,,
C3Ga3,Ga,1,0.0,,0.0,,,,,1.21361,4.390756536278209,,,,,,,,,
C3Hf3,Hf,1,0.0,,0.0,,,,,-0.945232,4.650837068766383,,,,,,,,,
C3K3,K,1,1.219,,0.066,,,,,2.30597,6.17916465402061,,,,,,,,,
C3Nb3,Nb,1,0.0,,0.0,,,,,-0.548735,4.483539312669791,,,,,,,,,
C3Rb3,Rb,1,1.208,,0.074,,,,,2.30424,6.481160438419229,,,,,,,,,
C3Sc3,Sc,1,0.0,,0.0,,,,,-0.136684,4.687234612135557,,,,,,,,,
C3Sn3,Sn,1,0.0,,0.0,,,,,1.25486,4.7927959060869485,,,,,,,,,
C3Ta3,Ta,1,0.0,,0.0,,,,,-0.588928,4.4814910534308385,,,,,,,,,
C3Ti3,Ti,1,0.0,,0.0,,,,,-0.816932,4.337753018651543,,,,,,,,,
C3V3,V,1,0.0,,0.0,,,,,-0.418818,4.163575164572626,,,,,,,,,
C3Y3,Y,1,0.0,,0.0,,,,,0.0396632,5.094403703725853,,,,,,,,,
C3Zr3,Zr,1,0.0,,0.0,,,,,-0.810632,4.7242347643586795,,,,,,,,,
C4Cu4,Cu,1,0.0,,0.0,,,,,1.70193,4.217135211899138,,,,,,,,,
C4Hf4,Hf,1,0.0,,0.0,,,,,-0.947651,4.650221595020363,,,,,,,,,
C4K4,K,1,1.219,,0.066,,,,,2.30599,6.1797553343089735,,,,,,,,,
C4Mg4,Mg,1,-0.116,,-0.005,,,,,1.32546,4.623518493102031,,,,,,,,,
C4Nb4,Nb,1,0.0,,0.0,,,,,-0.542754,4.48257956245948,,,,,,,,,
C4Rb4,Rb,1,1.208,,0.075,,,,,2.30427,6.4796841028750585,,,,,,,,,
C4Sc4,Sc,1,0.0,,0.0,,,,,-0.140642,4.686030650575186,,,,,,,,,
C4Si4,Si,1,0.0,,0.0,,,,,0.534996,4.054037532264999,,,,,,,,,
C4Ta4,Ta,1,0.0,,0.0,,,,,-0.581093,4.4811341861583465,,,,,,,,,
C4Ti4,Ti,2,0.0,,0.0,,,,,-0.818757,4.337691899900102,,,,,,,,,
C4V4,V,1,0.0,,0.0,,,,,-0.418783,4.163281588421388,,,,,,,,,
C4Y4,Y,2,0.0,,0.0,,,,,0.0385653,5.094020925577521,,,,,,,,,
C4Zr4,Zr,3,0.0,,0.0,,,,,-0.8127093333333333,4.724438838059176,,,,,,,,,
C8Cr8,Cr,1,-0.115,,1.364,,,,,0.158124,4.102803951488882,,,,,,,,,
C8Hf8,Hf,1,0.0,,0.0,,,,,-0.946631,4.650352615184005,,,,,,,,,
C8Mn8,Mn,1,-0.139,,2.012,,,,,0.309436,4.079483065995369,,,,,,,,,
C8Mo8,Mo,1,0.0,,0.0,,,,,0.213787,4.383009545238104,,,,,,,,,
C8Nb8,Nb,1,0.0,,0.0,,,,,-0.544768,4.484746709466685,,,,,,,,,
C8Sc8,Sc,1,0.0,,0.0,,,,,-0.142041,4.686068599981579,,,,,,,,,
C8Ta8,Ta,1,0.0,,0.0,,,,,-0.586216,4.481006364054704,,,,,,,,,
C8Ti8,Ti,2,0.0,0.0,0.0,0.0,0.0,,,-0.818546,4.370419038382382,,,,,,,,,
C8W8,W,1,0.0,,0.0,,,,,0.323987,4.390527140965533,,,,,,,,,
C8Y8,Y,1,0.0,,0.0,,,,,0.0367497,5.094502598723582,,,,,,,,,
C8Zr8,Zr,1,0.0,,0.0,,,,,-0.812065,4.723624824928996,,,,,,,,,
