compound,auid,aurl,spacegroup_relax,Pearson_symbol_relax,species,spinD,Egap,agl_thermal_expansion_300K,agl_debye,enthalpy_formation_atom,natoms,volume_cell,ael_bulk_modulus_vrh,ael_poisson_ratio,ael_shear_modulus_vrh,ael_youngs_modulus_vrh,agl_thermal_conductivity_300K
Ag1C1,aflow:7726f25d86a7ac89,aflowlib.duke.edu:AFLOWDATA/ICSD_WEB/FCC/Ag1C1_ICSD_183175,225,cF8,"['Ag', 'C']","[0, 0]",0,7.87e-05,181.934,,2,25.5675,114.983,0.445519,13.0009,37.5862,0.868197
C1Cd1,aflow:228515a5e5c206a8,aflowlib.duke.edu:AFLOWDATA/ICSD_WEB/FCC/C1Cd1_ICSD_183177,225,cF8,"['C', 'Cd']","[0, 0]",0,7.05804e-05,254.052,,2,28.6,100.944,0.384193,25.3362,70.1405,2.96884
C1Ce1,aflow:04ca355af458d4a6,aflowlib.duke.edu:AFLOWDATA/ICSD_WEB/FCC/C1Ce1_ICSD_617324,225,cF8,"['C', 'Ce']","[0, 0]",0,2.86091e-05,416.023,,2,34.9546,130.533,0.264698,72.8587,184.289,28.801
C1Ce1,aflow:8c6f386723161234,aflowlib.duke.edu:AFLOWDATA/ICSD_WEB/FCC/C1Ce1_ICSD_76769,225,cF8,"['C', 'Ce']","[0, 0]",0,,,,2,34.9728,,,,,
C1Cr1,aflow:a079dcce0f9df11e,aflowlib.duke.edu:AFLOWDATA/ICSD_WEB/FCC/C1Cr1_ICSD_57008,225,cF8,"['C', 'Cr']","[-0.383, 2.569]",0,,,,2,18.5965,,,,,
C1Cr1,aflow:ad068074911a4b9b,aflowlib.duke.edu:AFLOWDATA/ICSD_WEB/FCC/C1Cr1_ICSD_603179,225,cF8,"['C', 'Cr']","[-0.386, 2.575]",0,,,,2,18.6683,,,,,
C1Cr1,aflow:df3b1dca4b13cd2c,aflowlib.duke.edu:AFLOWDATA/ICSD_WEB/FCC/C1Cr1_ICSD_181710,225,cF8,"['C', 'Cr']","[-0.387, 2.575]",0,3.71808e-05,602.206,,2,18.692,223.033,0.325967,87.8191,232.89,20.8326
C1Ge1,aflow:8fea397ef68c9f59,aflowlib.duke.edu:AFLOWDATA/ICSD_WEB/FCC/C1Ge1_ICSD_182364,225,cF8,"['C', 'Ge']","[0, 0]",0,5.09519e-05,561.051,1.28253,2,21.1011,164.558,0.245246,100.997,251.532,19.6338
C1Hf1,aflow:046344f57f96f998,aflowlib.duke.edu:AFLOWDATA/ICSD_WEB/FCC/C1Hf1_ICSD_618012,225,cF8,"['C', 'Hf']","[0, 0]",0,,,-0.947977,2,25.1306,,,,,
C1Hf1,aflow:1031a906d6c69629,aflowlib.duke.edu:AFLOWDATA/ICSD_WEB/FCC/C1Hf1_ICSD_618010,225,cF8,"['C', 'Hf']","[0, 0]",0,,,-0.947974,2,25.1251,,,,,
C1Hf1,aflow:1816b6ef01585430,aflowlib.duke.edu:AFLOWDATA/ICSD_WEB/FCC/C1Hf1_ICSD_618013,225,cF8,"['C', 'Hf']","[0, 0]",0,,,-0.947977,2,25.1306,,,,,
C1Hf1,aflow:18286b464067d75b,aflowlib.duke.edu:AFLOWDATA/ICSD_WEB/FCC/C1Hf1_ICSD_22262,225,cF8,"['C', 'Hf']","[0, 0]",0,,,-0.947364,2,25.129,,,,,
C1Hf1,aflow:25be0269896a849d,aflowlib.duke.edu:AFLOWDATA/ICSD_WEB/FCC/C1Hf1_ICSD_618016,225,cF8,"['C', 'Hf']","[0, 0]",0,,,-0.947977,2,25.1286,,,,,
C1Hf1,aflow:25c4c4493c9951be,aflowlib.duke.edu:AFLOWDATA/ICSD_WEB/FCC/C1Hf1_ICSD_658336,225,cF8,"['C', 'Hf']","[0, 0]",0,,,-0.947979,2,25.1587,,,,,
C1Hf1,aflow:262d6ed98d4e2449,aflowlib.duke.edu:AFLOWDATA/ICSD_WEB/FCC/C1Hf1_ICSD_618017,225,cF8,"['C', 'Hf']","[0, 0]",0,,,-0.947981,2,25.1549,,,,,
C1Hf1,aflow:2d6558879a325b90,aflowlib.duke.edu:AFLOWDATA/ICSD_WEB/FCC/C1Hf1_ICSD_618009,225,cF8,"['C', 'Hf']","[0, 0]",0,,,-0.947979,2,25.1337,,,,,
C1Hf1,aflow:3d14dafa0b983e6f,aflowlib.duke.edu:AFLOWDATA/ICSD_WEB/FCC/C1Hf1_ICSD_185978,225,cF8,"['C', 'Hf']","[0, 0]",0,,,-0.947367,2,25.157,,,,,
C1Hf1,aflow:549dd4bfb5e47d59,aflowlib.duke.edu:AFLOWDATA/ICSD_WEB/FCC/C1Hf1_ICSD_618020,225,cF8,"['C', 'Hf']","[0, 0]",0,,,-0.947971,2,25.1215,,,,,
C1Hf1,aflow:57bfe7dcf5996ae5,aflowlib.duke.edu:AFLOWDATA/ICSD_WEB/FCC/C1Hf1_ICSD_180600,225,cF8,"['C', 'Hf']","[0, 0]",0,,,-0.947977,2,25.1285,,,,,
C1Hf1,aflow:5ea90ae725dab419,aflowlib.duke.edu:AFLOWDATA/ICSD_WEB/FCC/C1Hf1_ICSD_618008,225,cF8,"['C', 'Hf']","[0, 0]",0,,,-0.947979,2,25.1349,,,,,
C1Hf1,aflow:6b88d0acce6b4be2,aflowlib.duke.edu:AFLOWDATA/ICSD_WEB/FCC/C1Hf1_ICSD_618002,225,cF8,"['C', 'Hf']","[0, 0]",0,,,-0.947365,2,25.1328,,,,,
C1Hf1,aflow:7942e3d3f1880e9c,aflowlib.duke.edu:AFLOWDATA/ICSD_WEB/FCC/C1Hf1_ICSD_181793,225,cF8,"['C', 'Hf']","[0, 0]",0,,,-0.947367,2,25.1568,,,,,
C1Hf1,aflow:84235ab433d829a7,aflowlib.duke.edu:AFLOWDATA/ICSD_WEB/FCC/C1Hf1_ICSD_618015,225,cF8,"['C', 'Hf']","[0, 0]",0,,,-0.947977,2,25.1312,,,,,
C1Hf1,aflow:860a8b2eed0acca4,aflowlib.duke.edu:AFLOWDATA/ICSD_WEB/FCC/C1Hf1_ICSD_618005,225,cF8,"['C', 'Hf']","[0, 0]",0,,,-0.947977,2,25.1292,,,,,
C1Hf1,aflow:92d6b24b8eab0e1d,aflowlib.duke.edu:AFLOWDATA/ICSD_WEB/FCC/C1Hf1_ICSD_618011,225,cF8,"['C', 'Hf']","[0, 0]",0,,,-0.947979,2,25.1337,,,,,
C1Hf1,aflow:93de5cdf2d177f28,aflowlib.duke.edu:AFLOWDATA/ICSD_WEB/FCC/C1Hf1_ICSD_618003,225,cF8,"['C', 'Hf']","[0, 0]",0,,,-0.947974,2,25.1251,,,,,
C1Hf1,aflow:b47a366c761301a7,aflowlib.duke.edu:AFLOWDATA/ICSD_WEB/FCC/C1Hf1_ICSD_108134,225,cF8,"['C', 'Hf']","[0, 0]",0,2.25939e-05,534.95,-0.947977,2,25.1286,239.433,0.191862,185.706,442.671,63.6972
C1Hf1,aflow:b4ded597920b5b86,aflowlib.duke.edu:AFLOWDATA/ICSD_WEB/FCC/C1Hf1_ICSD_617998,225,cF8,"['C', 'Hf']","[0, 0]",0,,,-0.947974,2,25.1251,,,,,
C1Hf1,aflow:b9c23eaefce99ab9,aflowlib.duke.edu:AFLOWDATA/ICSD_WEB/FCC/C1Hf1_ICSD_658398,225,cF8,"['C', 'Hf']","[0, 0]",0,,,-0.947977,2,25.1285,,,,,
C1Hf1,aflow:bc1de4e7059afc64,aflowlib.duke.edu:AFLOWDATA/ICSD_WEB/FCC/C1Hf1_ICSD_617997,225,cF8,"['C', 'Hf']","[0, 0]",0,,,-0.947974,2,25.1259,,,,,
C1Hf1,aflow:be6d72090aeac184,aflowlib.duke.edu:AFLOWDATA/ICSD_WEB/FCC/C1Hf1_ICSD_159873,225,cF8,"['C', 'Hf']","[0, 0]",0,,,-0.947977,2,25.1299,,,,,
C1Hf1,aflow:c1e3fc043f434484,aflowlib.duke.edu:AFLOWDATA/ICSD_WEB/FCC/C1Hf1_ICSD_618004,225,cF8,"['C', 'Hf']","[0, 0]",0,,,-0.947977,2,25.1304,,,,,
C1Hf1,aflow:d03317b40ac91dce,aflowlib.duke.edu:AFLOWDATA/ICSD_WEB/FCC/C1Hf1_ICSD_618018,225,cF8,"['C', 'Hf']","[0, 0]",0,,,-0.947979,2,25.1587,,,,,
C1Hf1,aflow:d7f08593d965949a,aflowlib.duke.edu:AFLOWDATA/ICSD_WEB/FCC/C1Hf1_ICSD_618001,225,cF8,"['C', 'Hf']","[0, 0]",0,,,-0.947974,2,25.1251,,,,,
C1Hf1,aflow:dc287cb038048c4a,aflowlib.duke.edu:AFLOWDATA/ICSD_WEB/FCC/C1Hf1_ICSD_618000,225,cF8,"['C', 'Hf']","[0, 0]",0,,,-0.947974,2,25.1257,,,,,
C1Ir1,aflow:87230621924d75d6,aflowlib.duke.edu:AFLOWDATA/ICSD_WEB/FCC/C1Ir1_ICSD_185983,225,cF8,"['C', 'Ir']","[0.115, 0.492]",0,,,,2,21.0398,,,,,
C1Mo1,aflow:768ceabdd3106f75,aflowlib.duke.edu:AFLOWDATA/ICSD_WEB/FCC/C1Mo1_ICSD_77157,225,cF8,"['C', 'Mo']","[0, 0]",0,,,,2,21.2117,,,,,
C1Mo1,aflow:c26e5f22dedda7c4,aflowlib.duke.edu:AFLOWDATA/ICSD_WEB/FCC/C1Mo1_ICSD_618306,225,cF8,"['C', 'Mo']","[0, 0]",0,,,,2,21.2115,,,,,
C1Mo1,aflow:dcc37d0f19011b4d,aflowlib.duke.edu:AFLOWDATA/ICSD_WEB/FCC/C1Mo1_ICSD_43523,225,cF8,"['C', 'Mo']","[0, 0]",0,,,,2,21.2303,,,,,
C1Mo1,aflow:e6168f280fcabded,aflowlib.duke.edu:AFLOWDATA/ICSD_WEB/FCC/C1Mo1_ICSD_183165,225,cF8,"['C', 'Mo']","[0, 0]",0,1.97358e-05,685.006,,2,21.2241,325.65,0.265415,181.109,458.355,58.2171
C1Mo1,aflow:fd34dee078319bb9,aflowlib.duke.edu:AFLOWDATA/ICSD_WEB/FCC/C1Mo1_ICSD_618302,225,cF8,"['C', 'Mo']","[0, 0]",0,,,,2,21.2115,,,,,
C1Nb1,aflow:306d794471ba0aa8,aflowlib.duke.edu:AFLOWDATA/ICSD_WEB/FCC/C1Nb1_ICSD_618475,225,cF8,"['C', 'Nb']","[0, 0]",0,,,,2,22.8161,,,,,
C1Nb1,aflow:32b9cbf60b1a5f82,aflowlib.duke.edu:AFLOWDATA/ICSD_WEB/FCC/C1Nb1_ICSD_618463,225,cF8,"['C', 'Nb']","[0, 0]",0,,,,2,22.8354,,,,,
C1Nb1,aflow:3af6e0150543164b,aflowlib.duke.edu:AFLOWDATA/ICSD_WEB/FCC/C1Nb1_ICSD_601142,225,cF8,"['C', 'Nb']","[0, 0]",0,,,,2,22.8165,,,,,
C1Nb1,aflow:41441e30d7d0aee9,aflowlib.duke.edu:AFLOWDATA/ICSD_WEB/FCC/C1Nb1_ICSD_181052,225,cF8,"['C', 'Nb']","[0, 0]",0,,,,2,22.8778,,,,,
C1Nb1,aflow:59313a3131de9c03,aflowlib.duke.edu:AFLOWDATA/ICSD_WEB/FCC/C1Nb1_ICSD_618480,225,cF8,"['C', 'Nb']","[0, 0]",0,,,,2,22.8094,,,,,
C1Nb1,aflow:60a2faed282b0dd1,aflowlib.duke.edu:AFLOWDATA/ICSD_WEB/FCC/C1Nb1_ICSD_618482,225,cF8,"['C', 'Nb']",[0],0,,,,2,22.8326,,,,,
C1Nb1,aflow:6186072d704e10a2,aflowlib.duke.edu:AFLOWDATA/ICSD_WEB/FCC/C1Nb1_ICSD_618453,225,cF8,"['C', 'Nb']","[0, 0]",0,,,,2,22.8814,,,,,
C1Nb1,aflow:627b75db5b51576a,aflowlib.duke.edu:AFLOWDATA/ICSD_WEB/FCC/C1Nb1_ICSD_618471,225,cF8,"['C', 'Nb']","[0, 0]",0,,,,2,22.8356,,,,,
C1Nb1,aflow:6ee50d256c112b06,aflowlib.duke.edu:AFLOWDATA/ICSD_WEB/FCC/C1Nb1_ICSD_189089,225,cF8,"['C', 'Nb']","[0, 0]",0,,,,2,22.8268,,,,,
C1Nb1,aflow:725c78e6ed8ac310,aflowlib.duke.edu:AFLOWDATA/ICSD_WEB/FCC/C1Nb1_ICSD_618473,225,cF8,"['C', 'Nb']",[0],0,,,,2,22.8326,,,,,
C1Nb1,aflow:7291a227092ef04c,aflowlib.duke.edu:AFLOWDATA/ICSD_WEB/FCC/C1Nb1_ICSD_44355,225,cF8,"['C', 'Nb']","[0, 0]",0,,,,2,22.8387,,,,,
C1Nb1,aflow:8416098a91dbc14d,aflowlib.duke.edu:AFLOWDATA/ICSD_WEB/FCC/C1Nb1_ICSD_618465,225,cF8,"['C', 'Nb']",[0],0,,,,2,22.8326,,,,,
C1Nb1,aflow:8e3422b6285dd3d9,aflowlib.duke.edu:AFLOWDATA/ICSD_WEB/FCC/C1Nb1_ICSD_618460,225,cF8,"['C', 'Nb']","[0, 0]",0,,,,2,22.8381,,,,,
C1Nb1,aflow:9b103e465983c9ae,aflowlib.duke.edu:AFLOWDATA/ICSD_WEB/FCC/C1Nb1_ICSD_26955,225,cF8,"['C', 'Nb']","[0, 0]",0,,,,2,22.8373,,,,,
C1Nb1,aflow:9d49287a6d1da95a,aflowlib.duke.edu:AFLOWDATA/ICSD_WEB/FCC/C1Nb1_ICSD_183163,225,cF8,"['C', 'Nb']","[0, 0]",0,,,,2,22.8702,,,,,
C1Nb1,aflow:9fa8d5025797d2c6,aflowlib.duke.edu:AFLOWDATA/ICSD_WEB/FCC/C1Nb1_ICSD_181792,225,cF8,"['C', 'Nb']","[0, 0]",0,,,,2,22.7997,,,,,
C1Nb1,aflow:a38955a209dd38ca,aflowlib.duke.edu:AFLOWDATA/ICSD_WEB/FCC/C1Nb1_ICSD_618462,225,cF8,"['C', 'Nb']","[0, 0]",0,,,,2,22.8361,,,,,
C1Nb1,aflow:b7e79ad06eff8796,aflowlib.duke.edu:AFLOWDATA/ICSD_WEB/FCC/C1Nb1_ICSD_618481,225,cF8,"['C', 'Nb']","[0, 0]",0,,,,2,22.8024,,,,,
C1Nb1,aflow:c06df141a7d92275,aflowlib.duke.edu:AFLOWDATA/ICSD_WEB/FCC/C1Nb1_ICSD_618483,225,cF8,"['C', 'Nb']","[0, 0]",0,,,,2,22.8097,,,,,
C1Nb1,aflow:c9c319596bed6503,aflowlib.duke.edu:AFLOWDATA/ICSD_WEB/FCC/C1Nb1_ICSD_618484,225,cF8,"['C', 'Nb']","[0, 0]",0,,,,2,22.8118,,,,,
C1Nb1,aflow:d188d3a352409f2d,aflowlib.duke.edu:AFLOWDATA/ICSD_WEB/FCC/C1Nb1_ICSD_618448,225,cF8,"['C', 'Nb']","[0, 0]",0,,,,2,22.8252,,,,,
C1Nb1,aflow:d6c9ab19dcb81c5b,aflowlib.duke.edu:AFLOWDATA/ICSD_WEB/FCC/C1Nb1_ICSD_618449,225,cF8,"['C', 'Nb']","[0, 0]",0,,,,2,22.8376,,,,,
C1Nb1,aflow:da49b2ca4f3a5480,aflowlib.duke.edu:AFLOWDATA/ICSD_WEB/FCC/C1Nb1_ICSD_618472,225,cF8,"['C', 'Nb']","[0, 0]",0,,,,2,22.8336,,,,,
C1Nb1,aflow:dc96ddaddb6c935b,aflowlib.duke.edu:AFLOWDATA/ICSD_WEB/FCC/C1Nb1_ICSD_155164,225,cF8,"['C', 'Nb']","[0, 0]",0,1.84977e-05,737.988,,2,22.8121,298.683,0.22431,201.772,494.064,78.8903
C1Nb1,aflow:dead1c1f7f3a83bc,aflowlib.duke.edu:AFLOWDATA/ICSD_WEB/FCC/C1Nb1_ICSD_618458,225,cF8,"['C', 'Nb']","[0, 0]",0,,,,2,22.8819,,,,,
C1Nb1,aflow:e0041b027140f7ed,aflowlib.duke.edu:AFLOWDATA/ICSD_WEB/FCC/C1Nb1_ICSD_94449,225,cF8,"['C', 'Nb']","[0, 0]",0,,,,2,22.9021,,,,,
C1Nb1,aflow:e0289be0dc23d4e1,aflowlib.duke.edu:AFLOWDATA/ICSD_WEB/FCC/C1Nb1_ICSD_187077,225,cF8,"['C', 'Nb']","[0, 0]",0,,,,2,22.8185,,,,,
C1Nb1,aflow:e6e4bc88940142c6,aflowlib.duke.edu:AFLOWDATA/ICSD_WEB/FCC/C1Nb1_ICSD_159872,225,cF8,"['C', 'Nb']","[0, 0]",0,,,,2,22.8086,,,,,
C1Nb1,aflow:efe2a6a1aab68541,aflowlib.duke.edu:AFLOWDATA/ICSD_WEB/FCC/C1Nb1_ICSD_44496,225,cF8,"['C', 'Nb']","[0, 0]",0,,,,2,22.8812,,,,,
C1Nb1,aflow:f0699aa1cca3a540,aflowlib.duke.edu:AFLOWDATA/ICSD_WEB/FCC/C1Nb1_ICSD_77214,225,cF8,"['C', 'Nb']",[0],0,,,,2,22.8326,,,,,
C1Nb1,aflow:f4a12647d9e406b6,aflowlib.duke.edu:AFLOWDATA/ICSD_WEB/FCC/C1Nb1_ICSD_618476,225,cF8,"['C', 'Nb']","[0, 0]",0,,,,2,22.829,,,,,
C1Nb1,aflow:f77d63fe71957820,aflowlib.duke.edu:AFLOWDATA/ICSD_WEB/FCC/C1Nb1_ICSD_618466,225,cF8,"['C', 'Nb']","[0, 0]",0,,,,2,22.8176,,,,,
C1Nb1,aflow:f8bf3cf03e13ce9f,aflowlib.duke.edu:AFLOWDATA/ICSD_WEB/FCC/C1Nb1_ICSD_618469,225,cF8,"['C', 'Nb']",[0],0,,,,2,22.8326,,,,,
C1Ni1,aflow:e9301e24b4623b39,aflowlib.duke.edu:AFLOWDATA/ICSD_WEB/FCC/C1Ni1_ICSD_180457,225,cF8,"['C', 'Ni']","[0, 0]",0,3.90586e-05,496.981,,2,16.4075,264.689,0.379263,69.5103,191.746,12.2368
C1Os1,aflow:b9b80ada4f357c6b,aflowlib.duke.edu:AFLOWDATA/ICSD_WEB/FCC/C1Os1_ICSD_185982,225,cF8,"['C', 'Os']","[0, 0]",0,,,,2,20.6908,,,,,
C1Pa1,aflow:fb1cd92584ed214f,aflowlib.duke.edu:AFLOWDATA/ICSD_WEB/FCC/C1Pa1_ICSD_108177,225,cF8,"['C', 'Pa']","[0, 0]",0,2.08027e-05,316.019,,2,32.7518,185.272,0.315993,77.7165,204.549,30.8236
C1Pa1,aflow:fcb8da1b77a7de3f,aflowlib.duke.edu:AFLOWDATA/ICSD_WEB/FCC/C1Pa1_ICSD_618623,225,cF8,"['C', 'Pa']","[0, 0]",0,,,,2,32.7426,,,,,
C1Pd1,aflow:69d79a16d36ee778,aflowlib.duke.edu:AFLOWDATA/ICSD_WEB/FCC/C1Pd1_ICSD_183173,225,cF8,"['C', 'Pd']","[0, 0]",0,,,,2,21.6691,,,,,
C1Pd1,aflow:fea5bd3abdf35cf1,aflowlib.duke.edu:AFLOWDATA/ICSD_WEB/FCC/C1Pd1_ICSD_181774,225,cF8,"['C', 'Pd']","[0, 0]",0,4.45288e-05,341.987,,2,21.6709,210.867,0.396147,47.056,131.394,5.43069
C1Pt1,aflow:13435caa82fe4e49,aflowlib.duke.edu:AFLOWDATA/ICSD_WEB/FCC/C1Pt1_ICSD_181114,225,cF8,"['C', 'Pt']","[0, 0]",0,3.54733e-05,248.065,,2,22.0896,259.283,0.422009,42.6618,121.331,3.85442
C1Pt1,aflow:c0b507c919c8c1f6,aflowlib.duke.edu:AFLOWDATA/ICSD_WEB/FCC/C1Pt1_ICSD_185984,225,cF8,"['C', 'Pt']","[0, 0]",0,,,,2,22.0776,,,,,
C1Pt1,aflow:d17c8a455a0d4f17,aflowlib.duke.edu:AFLOWDATA/ICSD_WEB/FCC/C1Pt1_ICSD_181345,225,cF8,"['C', 'Pt']","[0, 0]",0,,,,2,22.0933,,,,,
C1Pu1,aflow:257936faf6785e79,aflowlib.duke.edu:AFLOWDATA/ICSD_WEB/FCC/C1Pu1_ICSD_618665,225,cF8,"['C', 'Pu']","[-0.233, 4.396]",0,,,,2,30.9832,,,,,
C1Pu1,aflow:5cb46318869a4a70,aflowlib.duke.edu:AFLOWDATA/ICSD_WEB/FCC/C1Pu1_ICSD_618670,225,cF8,"['C', 'Pu']","[-0.232, 4.396]",0,,,,2,30.9704,,,,,
C1Pu1,aflow:5f74025cd78a8182,aflowlib.duke.edu:AFLOWDATA/ICSD_WEB/FCC/C1Pu1_ICSD_77305,225,cF8,"['C', 'Pu']","[-0.232, 4.396]",0,,,,2,30.9545,,,,,
C1Pu1,aflow:88e69408c087daa4,aflowlib.duke.edu:AFLOWDATA/ICSD_WEB/FCC/C1Pu1_ICSD_618671,225,cF8,"['C', 'Pu']","[-0.231, 4.395]",0,,,,2,30.9391,,,,,
C1Pu1,aflow:93392054fcfff716,aflowlib.duke.edu:AFLOWDATA/ICSD_WEB/FCC/C1Pu1_ICSD_31719,225,cF8,"['C', 'Pu']",[4.393],0,,,,2,30.9646,,,,,
C1Pu1,aflow:aeda4a4d6b30f06a,aflowlib.duke.edu:AFLOWDATA/ICSD_WEB/FCC/C1Pu1_ICSD_618675,225,cF8,"['C', 'Pu']","[-0.234, 4.401]",0,,,,2,31.1426,,,,,
C1Pu1,aflow:c29f8b8a7e63eeaa,aflowlib.duke.edu:AFLOWDATA/ICSD_WEB/FCC/C1Pu1_ICSD_618676,225,cF8,"['C', 'Pu']","[-0.233, 4.397]",0,,,,2,30.998,,,,,
C1Pu1,aflow:e8527346a8162154,aflowlib.duke.edu:AFLOWDATA/ICSD_WEB/FCC/C1Pu1_ICSD_618678,225,cF8,"['C', 'Pu']","[-0.232, 4.396]",0,,,,2,30.9876,,,,,
C1Re1,aflow:519a5865dda16e17,aflowlib.duke.edu:AFLOWDATA/ICSD_WEB/FCC/C1Re1_ICSD_77350,225,cF8,"['C', 'Re']","[0, 0]",0,,,,2,20.8414,,,,,
C1Re1,aflow:9a20485122114e84,aflowlib.duke.edu:AFLOWDATA/ICSD_WEB/FCC/C1Re1_ICSD_185981,225,cF8,"['C', 'Re']","[-0.035, 0.853]",0,,,,2,21.0284,,,,,
C1Rh1,aflow:3a4b13f181909c0b,aflowlib.duke.edu:AFLOWDATA/ICSD_WEB/FCC/C1Rh1_ICSD_181773,225,cF8,"['C', 'Rh']","[0.113, 0.302]",0,3.09355e-05,405.975,,2,20.5277,280.367,0.390611,66.1628,184.014,10.6001
C1Rh1,aflow:a4650fbe13f71ea1,aflowlib.duke.edu:AFLOWDATA/ICSD_WEB/FCC/C1Rh1_ICSD_183171,225,cF8,"['C', 'Rh']","[0.113, 0.302]",0,,,,2,20.5312,,,,,
C1Ru1,aflow:4990d46926dfee7a,aflowlib.duke.edu:AFLOWDATA/ICSD_WEB/FCC/C1Ru1_ICSD_183169,225,cF8,"['C', 'Ru']","[0, 0]",0,2.79783e-05,204.963,,2,20.0158,317.922,0.475088,16.1078,47.521,1.49975
C1Sc1,aflow:ae57dbb8516508a7,aflowlib.duke.edu:AFLOWDATA/ICSD_WEB/FCC/C1Sc1_ICSD_181047,225,cF8,"['C', 'Sc']","[0, 0]",0,3.34434e-05,607.089,,2,26.9384,146.644,0.294489,69.843,180.822,28.7652
C1Sc1,aflow:d712f48afd00ad2b,aflowlib.duke.edu:AFLOWDATA/ICSD_WEB/FCC/C1Sc1_ICSD_43524,225,cF8,"['C', 'Sc']","[0, 0]",0,,,,2,26.9834,,,,,
C1Sc1,aflow:e9b28a327b4f0028,aflowlib.duke.edu:AFLOWDATA/ICSD_WEB/FCC/C1Sc1_ICSD_189084,225,cF8,"['C', 'Sc']","[0, 0]",0,,,,2,26.9381,,,,,
C1Si1,aflow:0e5c7dd4d4402dff,aflowlib.duke.edu:AFLOWDATA/ICSD_WEB/FCC/C1Si1_ICSD_182362,225,cF8,"['C', 'Si']","[0, 0]",0,2.71302e-05,1026.21,0.535123,2,16.7055,242.211,0.206966,176.416,425.857,60.7937
C1Sn1,aflow:01f0334da2961bb4,aflowlib.duke.edu:AFLOWDATA/ICSD_WEB/FCC/C1Sn1_ICSD_182366,225,cF8,"['C', 'Sn']","[0, 0]",0,5.65259e-05,444.036,,2,29.3732,119.661,0.211036,85.6568,207.467,14.5718
C1Ta1,aflow:00a1069b6142347c,aflowlib.duke.edu:AFLOWDATA/ICSD_WEB/FCC/C1Ta1_ICSD_185979,225,cF8,"['C', 'Ta']","[0, 0]",0,,,,2,22.8488,,,,,
C1Ta1,aflow:0961d0e6049cfdf0,aflowlib.duke.edu:AFLOWDATA/ICSD_WEB/FCC/C1Ta1_ICSD_601144,225,cF8,"['C', 'Ta']","[0, 0]",0,,,,2,22.8579,,,,,
C1Ta1,aflow:0b9d4467cef30c36,aflowlib.duke.edu:AFLOWDATA/ICSD_WEB/FCC/C1Ta1_ICSD_618844,225,cF8,"['C', 'Ta']","[0, 0]",0,,,,2,22.8676,,,,,
C1Ta1,aflow:181ba7fa2b2601c1,aflowlib.duke.edu:AFLOWDATA/ICSD_WEB/FCC/C1Ta1_ICSD_618841,225,cF8,"['C', 'Ta']","[0, 0]",0,,,,2,22.8676,,,,,
C1Ta1,aflow:1a09c2f90d68b88d,aflowlib.duke.edu:AFLOWDATA/ICSD_WEB/FCC/C1Ta1_ICSD_618846,225,cF8,"['C', 'Ta']","[0, 0]",0,,,,2,22.8825,,,,,
C1Ta1,aflow:20e821530f762f35,aflowlib.duke.edu:AFLOWDATA/ICSD_WEB/FCC/C1Ta1_ICSD_618839,225,cF8,"['C', 'Ta']","[0, 0]",0,,,,2,22.8676,,,,,
C1Ta1,aflow:22bff7899889f374,aflowlib.duke.edu:AFLOWDATA/ICSD_WEB/FCC/C1Ta1_ICSD_618833,225,cF8,"['C', 'Ta']","[0, 0]",0,,,,2,22.8676,,,,,
C1Ta1,aflow:2391172d7af0e248,aflowlib.duke.edu:AFLOWDATA/ICSD_WEB/FCC/C1Ta1_ICSD_618831,225,cF8,"['C', 'Ta']","[0, 0]",0,,,,2,22.8486,,,,,
C1Ta1,aflow:30b8bfe5c6e7f866,aflowlib.duke.edu:AFLOWDATA/ICSD_WEB/FCC/C1Ta1_ICSD_44497,225,cF8,"['C', 'Ta']","[0, 0]",0,,,,2,22.8676,,,,,
C1Ta1,aflow:40082cf918ce5b7d,aflowlib.duke.edu:AFLOWDATA/ICSD_WEB/FCC/C1Ta1_ICSD_159879,225,cF8,"['C', 'Ta']","[0, 0]",0,,,,2,22.8838,,,,,
C1Ta1,aflow:4552a30e8e5a7e99,aflowlib.duke.edu:AFLOWDATA/ICSD_WEB/FCC/C1Ta1_ICSD_159877,225,cF8,"['C', 'Ta']","[0, 0]",0,,,,2,22.8676,,,,,
C1Ta1,aflow:4d7bc1aa003d0bf5,aflowlib.duke.edu:AFLOWDATA/ICSD_WEB/FCC/C1Ta1_ICSD_618828,225,cF8,"['C', 'Ta']","[0, 0]",0,,,,2,22.8676,,,,,
C1Ta1,aflow:53d63dba5b721b6a,aflowlib.duke.edu:AFLOWDATA/ICSD_WEB/FCC/C1Ta1_ICSD_618829,225,cF8,"['C', 'Ta']","[0, 0]",0,,,,2,22.8676,,,,,
C1Ta1,aflow:59370902f59973c3,aflowlib.duke.edu:AFLOWDATA/ICSD_WEB/FCC/C1Ta1_ICSD_159876,225,cF8,"['C', 'Ta']","[0, 0]",0,,,,2,22.8676,,,,,
C1Ta1,aflow:5a7db361d95c4b89,aflowlib.duke.edu:AFLOWDATA/ICSD_WEB/FCC/C1Ta1_ICSD_618836,225,cF8,"['C', 'Ta']","[0, 0]",0,,,,2,22.8676,,,,,
C1Ta1,aflow:610c3651ef29f532,aflowlib.duke.edu:AFLOWDATA/ICSD_WEB/FCC/C1Ta1_ICSD_618830,225,cF8,"['C', 'Ta']","[0, 0]",0,,,,2,22.8676,,,,,
C1Ta1,aflow:69a7de99086ffee2,aflowlib.duke.edu:AFLOWDATA/ICSD_WEB/FCC/C1Ta1_ICSD_618835,225,cF8,"['C', 'Ta']","[0, 0]",0,,,,2,22.8676,,,,,
C1Ta1,aflow:71fe29c801d60a9b,aflowlib.duke.edu:AFLOWDATA/ICSD_WEB/FCC/C1Ta1_ICSD_618818,225,cF8,"['C', 'Ta']","[0, 0]",0,,,,2,22.8675,,,,,
C1Ta1,aflow:881507aee7292b90,aflowlib.duke.edu:AFLOWDATA/ICSD_WEB/FCC/C1Ta1_ICSD_38239,225,cF8,"['C', 'Ta']","[0, 0]",0,,,,2,22.8676,,,,,
C1Ta1,aflow:8c6d42961b45267a,aflowlib.duke.edu:AFLOWDATA/ICSD_WEB/FCC/C1Ta1_ICSD_180601,225,cF8,"['C', 'Ta']","[0, 0]",0,,,,2,22.8678,,,,,
C1Ta1,aflow:918201aaf7b80b61,aflowlib.duke.edu:AFLOWDATA/ICSD_WEB/FCC/C1Ta1_ICSD_618847,225,cF8,"['C', 'Ta']","[0, 0]",0,,,,2,22.8676,,,,,
C1Ta1,aflow:9c445e42e645062e,aflowlib.duke.edu:AFLOWDATA/ICSD_WEB/FCC/C1Ta1_ICSD_43525,225,cF8,"['C', 'Ta']","[0, 0]",0,,,,2,22.8676,,,,,
C1Ta1,aflow:a5ca975066fda1e3,aflowlib.duke.edu:AFLOWDATA/ICSD_WEB/FCC/C1Ta1_ICSD_77406,225,cF8,"['C', 'Ta']","[0, 0]",0,,,,2,22.8676,,,,,
C1Ta1,aflow:ab12a4b4cd505ec1,aflowlib.duke.edu:AFLOWDATA/ICSD_WEB/FCC/C1Ta1_ICSD_53974,225,cF8,"['C', 'Ta']","[0, 0]",0,,,,2,22.8678,,,,,
C1Ta1,aflow:c2e2176fd4eacf4c,aflowlib.duke.edu:AFLOWDATA/ICSD_WEB/FCC/C1Ta1_ICSD_618845,225,cF8,"['C', 'Ta']","[0, 0]",0,,,,2,22.8675,,,,,
C1Ta1,aflow:c5ee506123e7f983,aflowlib.duke.edu:AFLOWDATA/ICSD_WEB/FCC/C1Ta1_ICSD_618848,225,cF8,"['C', 'Ta']","[0, 0]",0,,,,2,22.8677,,,,,
C1Ta1,aflow:ca21dc29a0a89fd7,aflowlib.duke.edu:AFLOWDATA/ICSD_WEB/FCC/C1Ta1_ICSD_26956,225,cF8,"['C', 'Ta']","[0, 0]",0,,,,2,22.846,,,,,
C1Ta1,aflow:ca3d7f5c4b4eb740,aflowlib.duke.edu:AFLOWDATA/ICSD_WEB/FCC/C1Ta1_ICSD_618820,225,cF8,"['C', 'Ta']","[0, 0]",0,,,,2,22.8675,,,,,
C1Ta1,aflow:d2ab410fef99ea61,aflowlib.duke.edu:AFLOWDATA/ICSD_WEB/FCC/C1Ta1_ICSD_155163,225,cF8,"['C', 'Ta']","[0, 0]",0,1.9468e-05,548.016,,2,22.8677,315.444,0.237138,201.073,497.51,61.4198
C1Ta1,aflow:dcc40abe6b0f86cf,aflowlib.duke.edu:AFLOWDATA/ICSD_WEB/FCC/C1Ta1_ICSD_618832,225,cF8,"['C', 'Ta']","[0, 0]",0,,,,2,22.8676,,,,,
C1Ta1,aflow:e3d5a4d5bd41ef84,aflowlib.duke.edu:AFLOWDATA/ICSD_WEB/FCC/C1Ta1_ICSD_159875,225,cF8,"['C', 'Ta']","[0, 0]",0,,,,2,22.8676,,,,,
C1Ta1,aflow:e63c5666c27e9b1f,aflowlib.duke.edu:AFLOWDATA/ICSD_WEB/FCC/C1Ta1_ICSD_159878,225,cF8,"['C', 'Ta']","[0, 0]",0,,,,2,22.8583,,,,,
C1Ta1,aflow:e8bc650401ecd1c7,aflowlib.duke.edu:AFLOWDATA/ICSD_WEB/FCC/C1Ta1_ICSD_618838,225,cF8,"['C', 'Ta']","[0, 0]",0,,,,2,22.8676,,,,,
C1Ta1,aflow:eca002149c7cf51c,aflowlib.duke.edu:AFLOWDATA/ICSD_WEB/FCC/C1Ta1_ICSD_618843,225,cF8,"['C', 'Ta']","[0, 0]",0,,,,2,22.8486,,,,,
C1Ta1,aflow:f299bb3f69aebfc2,aflowlib.duke.edu:AFLOWDATA/ICSD_WEB/FCC/C1Ta1_ICSD_618823,225,cF8,"['C', 'Ta']","[0, 0]",0,,,,2,22.8676,,,,,
C1Ta1,aflow:f8194963d36097b7,aflowlib.duke.edu:AFLOWDATA/ICSD_WEB/FCC/C1Ta1_ICSD_618837,225,cF8,"['C', 'Ta']","[0, 0]",0,,,,2,22.8676,,,,,
C1Ta1,aflow:f9bb14f141a9478e,aflowlib.duke.edu:AFLOWDATA/ICSD_WEB/FCC/C1Ta1_ICSD_618825,225,cF8,"['C', 'Ta']","[0, 0]",0,,,,2,22.8799,,,,,
C1Tc1,aflow:3faccddce4b6bc29,aflowlib.duke.edu:AFLOWDATA/ICSD_WEB/FCC/C1Tc1_ICSD_183167,225,cF8,"['C', 'Tc']","[-0.114, 1.385]",0,5.51523e-05,439.187,,2,20.8619,230.128,0.362243,69.8152,190.211,5.40894
C1Th1,aflow:1ddcc76d17ed6d55,aflowlib.duke.edu:AFLOWDATA/ICSD_WEB/FCC/C1Th1_ICSD_618902,225,cF8,"['C', 'Th']","[0, 0]",0,,,,2,41.1359,,,,,
C1Th1,aflow:238f96022bf7e8d1,aflowlib.duke.edu:AFLOWDATA/ICSD_WEB/FCC/C1Th1_ICSD_618913,225,cF8,"['C', 'Th']","[0, 0]",0,,,,2,41.1393,,,,,
C1Th1,aflow:3dc6b8a9609e0455,aflowlib.duke.edu:AFLOWDATA/ICSD_WEB/FCC/C1Th1_ICSD_618904,225,cF8,"['C', 'Th']","[0, 0]",0,,,,2,41.1408,,,,,
C1Th1,aflow:42b7acb6996d9760,aflowlib.duke.edu:AFLOWDATA/ICSD_WEB/FCC/C1Th1_ICSD_618899,225,cF8,"['C', 'Th']","[0, 0]",0,,,,2,41.1389,,,,,
C1Th1,aflow:4e03466d19a9aba3,aflowlib.duke.edu:AFLOWDATA/ICSD_WEB/FCC/C1Th1_ICSD_260883,225,cF8,"['C', 'Th']","[0, 0]",0,2.4455e-05,355.982,,2,41.1824,147.5,0.250005,88.4978,221.245,29.595
C1Th1,aflow:7a3f49fc327e7694,aflowlib.duke.edu:AFLOWDATA/ICSD_WEB/FCC/C1Th1_ICSD_618905,225,cF8,"['C', 'Th']","[0, 0]",0,,,,2,41.1386,,,,,
C1Th1,aflow:a91b144af0ec8849,aflowlib.duke.edu:AFLOWDATA/ICSD_WEB/FCC/C1Th1_ICSD_618907,225,cF8,"['C', 'Th']","[0, 0]",0,,,,2,41.1424,,,,,
C1Th1,aflow:dd50930fc6a66192,aflowlib.duke.edu:AFLOWDATA/ICSD_WEB/FCC/C1Th1_ICSD_618908,225,cF8,"['C', 'Th']","[0, 0]",0,,,,2,41.1344,,,,,
C1Th1,aflow:e28ad0674b36165d,aflowlib.duke.edu:AFLOWDATA/ICSD_WEB/FCC/C1Th1_ICSD_43378,225,cF8,"['C', 'Th']","[0, 0]",0,,,,2,41.1399,,,,,
C1Th1,aflow:eda4a462306d26f8,aflowlib.duke.edu:AFLOWDATA/ICSD_WEB/FCC/C1Th1_ICSD_618910,225,cF8,"['C', 'Th']","[0, 0]",0,,,,2,41.1392,,,,,
C1Ti1,aflow:041bfb79b9a2bac7,aflowlib.duke.edu:AFLOWDATA/ICSD_WEB/FCC/C1Ti1_ICSD_618935,225,cF8,"['C', 'Ti']","[0, 0]",0,,,,2,21.3972,,,,,
C1Ti1,aflow:0b13395577c87e3b,aflowlib.duke.edu:AFLOWDATA/ICSD_WEB/FCC/C1Ti1_ICSD_618934,225,cF8,"['C', 'Ti']","[0, 0]",0,,,,2,21.3974,,,,,
C1Ti1,aflow:0bc31ae48488ab25,aflowlib.duke.edu:AFLOWDATA/ICSD_WEB/FCC/C1Ti1_ICSD_618940,225,cF8,"['C', 'Ti']","[0, 0]",0,,,,2,21.395,,,,,
C1Ti1,aflow:0c755685b23efa1c,aflowlib.duke.edu:AFLOWDATA/ICSD_WEB/FCC/C1Ti1_ICSD_618946,225,cF8,"['C', 'Ti']","[0, 0]",0,,,,2,21.3942,,,,,
C1Ti1,aflow:0c7905bad7cc0ac5,aflowlib.duke.edu:AFLOWDATA/ICSD_WEB/FCC/C1Ti1_ICSD_658339,225,cF8,"['C', 'Ti']","[0, 0]",0,,,,2,21.4064,,,,,
C1Ti1,aflow:2a3e1a495e3c1d6b,aflowlib.duke.edu:AFLOWDATA/ICSD_WEB/FCC/C1Ti1_ICSD_159871,225,cF8,"['C', 'Ti']","[0, 0]",0,,,,2,21.3947,,,,,
C1Ti1,aflow:45e3b1a9239738b0,aflowlib.duke.edu:AFLOWDATA/ICSD_WEB/FCC/C1Ti1_ICSD_618930,225,cF8,"['C', 'Ti']","[0, 0]",0,,,,2,21.397,,,,,
C1Ti1,aflow:4b6741aab78361e5,aflowlib.duke.edu:AFLOWDATA/ICSD_WEB/FCC/C1Ti1_ICSD_618932,225,cF8,"['C', 'Ti']","[0, 0]",0,,,,2,21.3826,,,,,
C1Ti1,aflow:5925459c05d08c80,aflowlib.duke.edu:AFLOWDATA/ICSD_WEB/FCC/C1Ti1_ICSD_44494,225,cF8,"['C', 'Ti']","[0, 0]",0,,,,2,21.3874,,,,,
C1Ti1,aflow:5e033b31e3e984af,aflowlib.duke.edu:AFLOWDATA/ICSD_WEB/FCC/C1Ti1_ICSD_618928,225,cF8,"['C', 'Ti']","[0, 0]",0,,,,2,21.3955,,,,,
C1Ti1,aflow:692d595b81e51b22,aflowlib.duke.edu:AFLOWDATA/ICSD_WEB/FCC/C1Ti1_ICSD_618933,225,cF8,"['C', 'Ti']","[0, 0]",0,,,,2,21.3963,,,,,
C1Ti1,aflow:6c5a5935e976be3a,aflowlib.duke.edu:AFLOWDATA/ICSD_WEB/FCC/C1Ti1_ICSD_181681,225,cF8,"['C', 'Ti']","[0, 0]",0,,,,2,21.341,,,,,
C1Ti1,aflow:77c0b4e861dd7054,aflowlib.duke.edu:AFLOWDATA/ICSD_WEB/FCC/C1Ti1_ICSD_658392,225,cF8,"['C', 'Ti']","[0, 0]",0,,,,2,21.3962,,,,,
C1Ti1,aflow:77fc54fae68cc777,aflowlib.duke.edu:AFLOWDATA/ICSD_WEB/FCC/C1Ti1_ICSD_618926,225,cF8,"['C', 'Ti']","[0, 0]",0,,,,2,21.396,,,,,
C1Ti1,aflow:79832470bf202467,aflowlib.duke.edu:AFLOWDATA/ICSD_WEB/FCC/C1Ti1_ICSD_618931,225,cF8,"['C', 'Ti']","[0, 0]",0,,,,2,21.3967,,,,,
C1Ti1,aflow:853b4eb6bf154140,aflowlib.duke.edu:AFLOWDATA/ICSD_WEB/FCC/C1Ti1_ICSD_618929,225,cF8,"['C', 'Ti']","[0, 0]",0,,,,2,21.3957,,,,,
C1Ti1,aflow:8b39b4104ab90f8f,aflowlib.duke.edu:AFLOWDATA/ICSD_WEB/FCC/C1Ti1_ICSD_618944,225,cF8,"['C', 'Ti']","[0, 0]",0,,,,2,21.3948,,,,,
C1Ti1,aflow:909fda1367033e9d,aflowlib.duke.edu:AFLOWDATA/ICSD_WEB/FCC/C1Ti1_ICSD_618942,225,cF8,"['C', 'Ti']","[0, 0]",0,,,,2,21.395,,,,,
C1Ti1,aflow:9c88630aefd2f245,aflowlib.duke.edu:AFLOWDATA/ICSD_WEB/FCC/C1Ti1_ICSD_618922,225,cF8,"['C', 'Ti']","[0, 0]",0,,,,2,21.395,,,,,
C1Ti1,aflow:a1b457b8db036e71,aflowlib.duke.edu:AFLOWDATA/ICSD_WEB/FCC/C1Ti1_ICSD_618927,225,cF8,"['C', 'Ti']","[0, 0]",0,,,,2,21.4058,,,,,
C1Ti1,aflow:abc7ae3e2778df4d,aflowlib.duke.edu:AFLOWDATA/ICSD_WEB/FCC/C1Ti1_ICSD_618948,225,cF8,"['C', 'Ti']","[0, 0]",0,,,,2,21.3962,,,,,
C1Ti1,aflow:b0d41ed27a6ab1dc,aflowlib.duke.edu:AFLOWDATA/ICSD_WEB/FCC/C1Ti1_ICSD_618925,225,cF8,"['C', 'Ti']","[0, 0]",0,,,,2,21.3964,,,,,
C1Ti1,aflow:bc6e15b70fe8eac2,aflowlib.duke.edu:AFLOWDATA/ICSD_WEB/FCC/C1Ti1_ICSD_93504,225,cF8,"['C', 'Ti']","[0, 0]",0,,,,2,21.4028,,,,,
C1Ti1,aflow:bdbad8748004b207,aflowlib.duke.edu:AFLOWDATA/ICSD_WEB/FCC/C1Ti1_ICSD_26952,225,cF8,"['C', 'Ti']","[0, 0]",0,,,,2,21.3969,,,,,
C1Ti1,aflow:d08cda291fab8c33,aflowlib.duke.edu:AFLOWDATA/ICSD_WEB/FCC/C1Ti1_ICSD_1546,225,cF8,"['C', 'Ti']","[0, 0]",0,,,,2,21.3973,,,,,
C1Ti1,aflow:d6422c477caae2a3,aflowlib.duke.edu:AFLOWDATA/ICSD_WEB/FCC/C1Ti1_ICSD_180598,225,cF8,"['C', 'Ti']","[0, 0]",0,,,,2,21.4051,,,,,
C1Ti1,aflow:d9111f1acb7b9aa2,aflowlib.duke.edu:AFLOWDATA/ICSD_WEB/FCC/C1Ti1_ICSD_181783,225,cF8,"['C', 'Ti']","[0, 0]",0,,,,2,21.3982,,,,,
C1Ti1,aflow:dd9ba1426a59901e,aflowlib.duke.edu:AFLOWDATA/ICSD_WEB/FCC/C1Ti1_ICSD_151365,225,cF8,"['C', 'Ti']","[0, 0]",0,2.04122e-05,900.926,,2,21.3903,238.772,0.201768,177.762,427.257,91.4544
C1Ti1,aflow:e8bf76b97d8294b4,aflowlib.duke.edu:AFLOWDATA/ICSD_WEB/FCC/C1Ti1_ICSD_618951,225,cF8,"['C', 'Ti']","[0, 0]",0,,,,2,21.3855,,,,,
C1Ti1,aflow:efe5d613d005ba48,aflowlib.duke.edu:AFLOWDATA/ICSD_WEB/FCC/C1Ti1_ICSD_618936,225,cF8,"['C', 'Ti']","[0, 0]",0,,,,2,21.3794,,,,,
C1Ti1,aflow:f8601d0bd9d1359d,aflowlib.duke.edu:AFLOWDATA/ICSD_WEB/FCC/C1Ti1_ICSD_618945,225,cF8,"['C', 'Ti']","[0, 0]",0,,,,2,21.3993,,,,,
C1Ti1,aflow:f8833ffc26dc175d,aflowlib.duke.edu:AFLOWDATA/ICSD_WEB/FCC/C1Ti1_ICSD_618947,225,cF8,"['C', 'Ti']","[0, 0]",0,,,,2,21.3998,,,,,
C1Ti1,aflow:f9bc3fcf4eb308a1,aflowlib.duke.edu:AFLOWDATA/ICSD_WEB/FCC/C1Ti1_ICSD_618941,225,cF8,"['C', 'Ti']","[0, 0]",0,,,,2,21.3957,,,,,
C1Ti1,aflow:fca1a49565d4c618,aflowlib.duke.edu:AFLOWDATA/ICSD_WEB/FCC/C1Ti1_ICSD_184912,225,cF8,"['C', 'Ti']","[0, 0]",0,,,,2,21.4003,,,,,
C1Tl1,aflow:becbc8b7468a7e42,aflowlib.duke.edu:AFLOWDATA/ICSD_WEB/FCC/C1Tl1_ICSD_618972,225,cF8,"['C', 'Tl']","[0, 0]",0,8.53159e-05,221.86,2.10401,2,31.9873,85.1167,0.329857,32.6696,86.8919,2.90536
C1U1,aflow:05ba6e362bfbd4d3,aflowlib.duke.edu:AFLOWDATA/ICSD_WEB/FCC/C1U1_ICSD_619018,225,cF8,"['C', 'U']","[0, 0]",0,,,,2,30.9616,,,,,
C1U1,aflow:0f860c677c9278f3,aflowlib.duke.edu:AFLOWDATA/ICSD_WEB/FCC/C1U1_ICSD_44357,225,cF8,"['C', 'U']","[0, 0]",0,,,,2,30.976,,,,,
C1U1,aflow:16c200c3f5df40f1,aflowlib.duke.edu:AFLOWDATA/ICSD_WEB/FCC/C1U1_ICSD_618997,225,cF8,"['C', 'U']","[-0.025, 0.198]",0,,,,2,31.4215,,,,,
C1U1,aflow:18a7eb5631213290,aflowlib.duke.edu:AFLOWDATA/ICSD_WEB/FCC/C1U1_ICSD_619027,225,cF8,"['C', 'U']","[-0.025, 0.248]",0,,,,2,30.9254,,,,,
C1U1,aflow:1a7fd5390ef6511f,aflowlib.duke.edu:AFLOWDATA/ICSD_WEB/FCC/C1U1_ICSD_619023,225,cF8,"['C', 'U']","[-0.029, 0.282]",0,,,,2,31.0161,,,,,
C1U1,aflow:1e8a26d287d0fd93,aflowlib.duke.edu:AFLOWDATA/ICSD_WEB/FCC/C1U1_ICSD_619004,225,cF8,"['C', 'U']","[-0.025, 0.198]",0,,,,2,31.4215,,,,,
C1U1,aflow:1f94494a8e98e350,aflowlib.duke.edu:AFLOWDATA/ICSD_WEB/FCC/C1U1_ICSD_619012,225,cF8,"['C', 'U']","[-0.03, 0.283]",0,,,,2,31.072,,,,,
C1U1,aflow:29a36b1de17111e6,aflowlib.duke.edu:AFLOWDATA/ICSD_WEB/FCC/C1U1_ICSD_619026,225,cF8,"['C', 'U']","[0, 0]",0,,,,2,30.9516,,,,,
C1U1,aflow:39682a567bd1dac1,aflowlib.duke.edu:AFLOWDATA/ICSD_WEB/FCC/C1U1_ICSD_618992,225,cF8,"['C', 'U']","[-0.029, 0.282]",0,,,,2,31.0161,,,,,
C1U1,aflow:480ee785f2f98b61,aflowlib.duke.edu:AFLOWDATA/ICSD_WEB/FCC/C1U1_ICSD_619002,225,cF8,"['C', 'U']","[-0.03, 0.283]",0,,,,2,31.072,,,,,
C1U1,aflow:56c3a2b274142169,aflowlib.duke.edu:AFLOWDATA/ICSD_WEB/FCC/C1U1_ICSD_26476,225,cF8,"['C', 'U']","[-0.025, 0.249]",0,,,,2,30.8488,,,,,
C1U1,aflow:5c46954112ecc963,aflowlib.duke.edu:AFLOWDATA/ICSD_WEB/FCC/C1U1_ICSD_619017,225,cF8,"['C', 'U']","[-0.03, 0.283]",0,,,,2,31.072,,,,,
C1U1,aflow:61089076037e5aad,aflowlib.duke.edu:AFLOWDATA/ICSD_WEB/FCC/C1U1_ICSD_160448,225,cF8,"['C', 'U']","[0, 0]",0,,,,2,30.9599,,,,,
C1U1,aflow:67124857a6b04882,aflowlib.duke.edu:AFLOWDATA/ICSD_WEB/FCC/C1U1_ICSD_619010,225,cF8,"['C', 'U']","[-0.025, 0.198]",0,,,,2,31.4215,,,,,
C1U1,aflow:89355505fdeeb5cc,aflowlib.duke.edu:AFLOWDATA/ICSD_WEB/FCC/C1U1_ICSD_619020,225,cF8,"['C', 'U']","[-0.029, 0.282]",0,,,,2,31.0161,,,,,
C1U1,aflow:a84546a5cc43f8b4,aflowlib.duke.edu:AFLOWDATA/ICSD_WEB/FCC/C1U1_ICSD_77560,225,cF8,"['C', 'U']","[-0.018, 0.123]",0,,,,2,30.74,,,,,
C1U1,aflow:b667da232539a613,aflowlib.duke.edu:AFLOWDATA/ICSD_WEB/FCC/C1U1_ICSD_619025,225,cF8,"['C', 'U']","[-0.023, 0.182]",0,,,,2,30.6909,,,,,
C1U1,aflow:c4aa0e9d9153045f,aflowlib.duke.edu:AFLOWDATA/ICSD_WEB/FCC/C1U1_ICSD_619011,225,cF8,"['C', 'U']","[-0.028, 0.277]",0,,,,2,31.0258,,,,,
C1U1,aflow:c516282d6bfdef45,aflowlib.duke.edu:AFLOWDATA/ICSD_WEB/FCC/C1U1_ICSD_619015,225,cF8,"['C', 'U']","[-0.029, 0.278]",0,,,,2,31.0716,,,,,
C1U1,aflow:d4ab8c569c14917f,aflowlib.duke.edu:AFLOWDATA/ICSD_WEB/FCC/C1U1_ICSD_619000,225,cF8,"['C', 'U']","[0, 0]",0,,,,2,30.9248,,,,,
C1U1,aflow:e6213897942b7cbf,aflowlib.duke.edu:AFLOWDATA/ICSD_WEB/FCC/C1U1_ICSD_168163,225,cF8,"['C', 'U']","[-0.025, 0.209]",0,,,,2,30.9785,,,,,
C1U1,aflow:e8b52a68108242ee,aflowlib.duke.edu:AFLOWDATA/ICSD_WEB/FCC/C1U1_ICSD_619013,225,cF8,"['C', 'U']","[-0.025, 0.198]",0,,,,2,31.4215,,,,,
C1U1,aflow:ec41d02d09c11c86,aflowlib.duke.edu:AFLOWDATA/ICSD_WEB/FCC/C1U1_ICSD_24218,225,cF8,"['C', 'U']","[0, 0]",0,,,,2,30.9599,,,,,
C1V1,aflow:111140bc4890194b,aflowlib.duke.edu:AFLOWDATA/ICSD_WEB/FCC/C1V1_ICSD_22263,225,cF8,"['C', 'V']","[0, 0]",0,,,,2,18.4001,,,,,
C1V1,aflow:1f812d83f38223d6,aflowlib.duke.edu:AFLOWDATA/ICSD_WEB/FCC/C1V1_ICSD_619075,225,cF8,"['C', 'V']","[0, 0]",0,,,,2,18.4011,,,,,
C1V1,aflow:2e88bdba4ec7a34f,aflowlib.duke.edu:AFLOWDATA/ICSD_WEB/FCC/C1V1_ICSD_619077,225,cF8,"['C', 'V']","[-0.001, 0.005]",0,,,,2,18.4061,,,,,
C1V1,aflow:3e20a738e3c3e939,aflowlib.duke.edu:AFLOWDATA/ICSD_WEB/FCC/C1V1_ICSD_619055,225,cF8,"['C', 'V']","[0, 0]",0,,,,2,18.3958,,,,,
C1V1,aflow:3f3778a47af9eeb3,aflowlib.duke.edu:AFLOWDATA/ICSD_WEB/FCC/C1V1_ICSD_619061,225,cF8,"['C', 'V']","[0, 0]",0,,,,2,18.3958,,,,,
C1V1,aflow:5c910cff9e22a420,aflowlib.duke.edu:AFLOWDATA/ICSD_WEB/FCC/C1V1_ICSD_619071,225,cF8,"['C', 'V']","[-0.001, 0.005]",0,,,,2,18.407,,,,,
C1V1,aflow:62d8a1109954d61f,aflowlib.duke.edu:AFLOWDATA/ICSD_WEB/FCC/C1V1_ICSD_77563,225,cF8,"['C', 'V']","[-0.001, 0.005]",0,,,,2,18.407,,,,,
C1V1,aflow:6ef93ac9f46062a8,aflowlib.duke.edu:AFLOWDATA/ICSD_WEB/FCC/C1V1_ICSD_159870,225,cF8,"['C', 'V']","[0, 0]",0,1.92733e-05,941.103,,2,18.3993,295.661,0.206732,215.561,520.248,96.1928
C1V1,aflow:724cf2af90db4e37,aflowlib.duke.edu:AFLOWDATA/ICSD_WEB/FCC/C1V1_ICSD_26953,225,cF8,"['C', 'V']","[0, 0]",0,,,,2,18.3976,,,,,
C1V1,aflow:72561853043b646a,aflowlib.duke.edu:AFLOWDATA/ICSD_WEB/FCC/C1V1_ICSD_619066,225,cF8,"['C', 'V']","[0, 0]",0,,,,2,18.3986,,,,,
C1V1,aflow:7df4494377acab5a,aflowlib.duke.edu:AFLOWDATA/ICSD_WEB/FCC/C1V1_ICSD_181051,225,cF8,"['C', 'V']","[0, 0]",0,,,,2,18.3938,,,,,
C1V1,aflow:8369ac0a0260cb05,aflowlib.duke.edu:AFLOWDATA/ICSD_WEB/FCC/C1V1_ICSD_619074,225,cF8,"['C', 'V']","[0, 0]",0,,,,2,18.406,,,,,
C1V1,aflow:8d30a5363dd872da,aflowlib.duke.edu:AFLOWDATA/ICSD_WEB/FCC/C1V1_ICSD_619067,225,cF8,"['C', 'V']","[0, 0]",0,,,,2,18.3986,,,,,
C1V1,aflow:8dbc904f852bdf99,aflowlib.duke.edu:AFLOWDATA/ICSD_WEB/FCC/C1V1_ICSD_619054,225,cF8,"['C', 'V']","[0, 0]",0,,,,2,18.3986,,,,,
C1V1,aflow:8ded1b36d7a42da9,aflowlib.duke.edu:AFLOWDATA/ICSD_WEB/FCC/C1V1_ICSD_619056,225,cF8,"['C', 'V']","[0, 0]",0,,,,2,18.41,,,,,
C1V1,aflow:bf155aa5066ebc79,aflowlib.duke.edu:AFLOWDATA/ICSD_WEB/FCC/C1V1_ICSD_619049,225,cF8,"['C', 'V']","[0, 0]",0,,,,2,18.3986,,,,,
C1V1,aflow:d5de321c3408bbea,aflowlib.duke.edu:AFLOWDATA/ICSD_WEB/FCC/C1V1_ICSD_619057,225,cF8,"['C', 'V']","[0, 0]",0,,,,2,18.3994,,,,,
C1V1,aflow:fa0898b2eb95db63,aflowlib.duke.edu:AFLOWDATA/ICSD_WEB/FCC/C1V1_ICSD_619079,225,cF8,"['C', 'V']","[0, 0]",0,,,,2,18.3958,,,,,
C1V1,aflow:fd8c7e27777297d8,aflowlib.duke.edu:AFLOWDATA/ICSD_WEB/FCC/C1V1_ICSD_619065,225,cF8,"['C', 'V']","[0, 0]",0,,,,2,18.3986,,,,,
C1W1,aflow:6829fe1cf33a61ed,aflowlib.duke.edu:AFLOWDATA/ICSD_WEB/FCC/C1W1_ICSD_162417,225,cF8,"['C', 'W']","[0, 0]",0,,,,2,21.381,,,,,
C1W1,aflow:7f50cbb35f81a8d2,aflowlib.duke.edu:AFLOWDATA/ICSD_WEB/FCC/C1W1_ICSD_185980,225,cF8,"['C', 'W']","[0, 0]",0,,,,2,21.3803,,,,,
C1W1,aflow:870b2f189ea048d2,aflowlib.duke.edu:AFLOWDATA/ICSD_WEB/FCC/C1W1_ICSD_167896,225,cF8,"['C', 'W']","[0, 0]",0,1.95616e-05,509.047,,2,21.3742,357.694,0.286673,177.914,457.835,44.9704
C1Y1,aflow:10e56bff43e34aa4,aflowlib.duke.edu:AFLOWDATA/ICSD_WEB/FCC/C1Y1_ICSD_181049,225,cF8,"['C', 'Y']","[0, 0]",0,3.79264e-05,454.053,0.036698,2,33.0589,124.4,0.279353,64.3648,164.691,19.4086
C1Y1,aflow:47013f976c7d433b,aflowlib.duke.edu:AFLOWDATA/ICSD_WEB/FCC/C1Y1_ICSD_183159,225,cF8,"['C', 'Y']","[0, 0]",0,,,0.036699,2,33.0384,,,,,
C1Zr1,aflow:03eb1cb4fb561e6a,aflowlib.duke.edu:AFLOWDATA/ICSD_WEB/FCC/C1Zr1_ICSD_619174,225,cF8,"['C', 'Zr']","[0, 0]",0,,,-0.812584,2,26.357,,,,,
C1Zr1,aflow:0f48656c8f1dcb62,aflowlib.duke.edu:AFLOWDATA/ICSD_WEB/FCC/C1Zr1_ICSD_181092,225,cF8,"['C', 'Zr']","[0, 0]",0,,,-0.812472,2,26.3499,,,,,
C1Zr1,aflow:0fcac9b5bc44e7f4,aflowlib.duke.edu:AFLOWDATA/ICSD_WEB/FCC/C1Zr1_ICSD_619170,225,cF8,"['C', 'Zr']","[0, 0]",0,,,-0.812584,2,26.3651,,,,,
C1Zr1,aflow:133de7a2c68574c0,aflowlib.duke.edu:AFLOWDATA/ICSD_WEB/FCC/C1Zr1_ICSD_619154,225,cF8,"['C', 'Zr']","[0, 0]",0,,,-0.812585,2,26.3549,,,,,
C1Zr1,aflow:15da08280f56843c,aflowlib.duke.edu:AFLOWDATA/ICSD_WEB/FCC/C1Zr1_ICSD_619155,225,cF8,"['C', 'Zr']","[0, 0]",0,,,-0.812585,2,26.3608,,,,,
C1Zr1,aflow:183cdd9f310af68b,aflowlib.duke.edu:AFLOWDATA/ICSD_WEB/FCC/C1Zr1_ICSD_619173,225,cF8,"['C', 'Zr']","[0, 0]",0,,,-0.812584,2,26.354,,,,,
C1Zr1,aflow:18dba5d40dc304e1,aflowlib.duke.edu:AFLOWDATA/ICSD_WEB/FCC/C1Zr1_ICSD_619166,225,cF8,"['C', 'Zr']","[0, 0]",0,,,-0.812584,2,26.3651,,,,,
C1Zr1,aflow:1f976b430cdd9d6c,aflowlib.duke.edu:AFLOWDATA/ICSD_WEB/FCC/C1Zr1_ICSD_619175,225,cF8,"['C', 'Zr']","[0, 0]",0,,,-0.812584,2,26.3627,,,,,
C1Zr1,aflow:20c8d17e538fab88,aflowlib.duke.edu:AFLOWDATA/ICSD_WEB/FCC/C1Zr1_ICSD_26954,225,cF8,"['C', 'Zr']","[0, 0]",0,,,-0.81258,2,26.3484,,,,,
C1Zr1,aflow:2162b8124cd47c72,aflowlib.duke.edu:AFLOWDATA/ICSD_WEB/FCC/C1Zr1_ICSD_619149,225,cF8,"['C', 'Zr']","[0, 0]",0,,,-0.812584,2,26.3618,,,,,
C1Zr1,aflow:2b168367b23eff8c,aflowlib.duke.edu:AFLOWDATA/ICSD_WEB/FCC/C1Zr1_ICSD_619172,225,cF8,"['C', 'Zr']","[0, 0]",0,,,-0.812584,2,26.3568,,,,,
C1Zr1,aflow:32a60e233e32d8b7,aflowlib.duke.edu:AFLOWDATA/ICSD_WEB/FCC/C1Zr1_ICSD_22264,225,cF8,"['C', 'Zr']","[0, 0]",0,,,-0.812503,2,26.3581,,,,,
C1Zr1,aflow:485023024cc08d40,aflowlib.duke.edu:AFLOWDATA/ICSD_WEB/FCC/C1Zr1_ICSD_181094,225,cF8,"['C', 'Zr']","[0, 0]",0,,,-0.812476,2,26.3525,,,,,
C1Zr1,aflow:49d121a84439373c,aflowlib.duke.edu:AFLOWDATA/ICSD_WEB/FCC/C1Zr1_ICSD_619153,225,cF8,"['C', 'Zr']","[0, 0]",0,,,-0.812584,2,26.3548,,,,,
C1Zr1,aflow:4b7041afb516d49d,aflowlib.duke.edu:AFLOWDATA/ICSD_WEB/FCC/C1Zr1_ICSD_600759,225,cF8,"['C', 'Zr']","[0, 0]",0,,,-0.812584,2,26.3567,,,,,
C1Zr1,aflow:4dc9cd1ca585b0ee,aflowlib.duke.edu:AFLOWDATA/ICSD_WEB/FCC/C1Zr1_ICSD_619177,225,cF8,"['C', 'Zr']","[0, 0]",0,,,-0.812584,2,26.3623,,,,,
C1Zr1,aflow:4ee03671ffd2377d,aflowlib.duke.edu:AFLOWDATA/ICSD_WEB/FCC/C1Zr1_ICSD_180599,225,cF8,"['C', 'Zr']","[0, 0]",0,,,-0.812605,2,26.3573,,,,,
C1Zr1,aflow:500449d8ef62b879,aflowlib.duke.edu:AFLOWDATA/ICSD_WEB/FCC/C1Zr1_ICSD_619159,225,cF8,"['C', 'Zr']","[0, 0]",0,,,-0.812584,2,26.3651,,,,,
C1Zr1,aflow:50de673176fc4d75,aflowlib.duke.edu:AFLOWDATA/ICSD_WEB/FCC/C1Zr1_ICSD_44495,225,cF8,"['C', 'Zr']","[0, 0]",0,,,-0.812584,2,26.3635,,,,,
C1Zr1,aflow:6c2ea7071b159697,aflowlib.duke.edu:AFLOWDATA/ICSD_WEB/FCC/C1Zr1_ICSD_619162,225,cF8,"['C', 'Zr']","[0, 0]",0,,,-0.812473,2,26.3546,,,,,
C1Zr1,aflow:713d63f11897ee08,aflowlib.duke.edu:AFLOWDATA/ICSD_WEB/FCC/C1Zr1_ICSD_619171,225,cF8,"['C', 'Zr']","[0, 0]",0,,,-0.812584,2,26.3567,,,,,
C1Zr1,aflow:7c26743ac2d30309,aflowlib.duke.edu:AFLOWDATA/ICSD_WEB/FCC/C1Zr1_ICSD_619158,225,cF8,"['C', 'Zr']","[0, 0]",0,,,-0.812584,2,26.3622,,,,,
C1Zr1,aflow:7fcdc61f5b25c0ae,aflowlib.duke.edu:AFLOWDATA/ICSD_WEB/FCC/C1Zr1_ICSD_619148,225,cF8,"['C', 'Zr']","[0, 0]",0,,,-0.812584,2,26.3638,,,,,
C1Zr1,aflow:958796bb962acec5,aflowlib.duke.edu:AFLOWDATA/ICSD_WEB/FCC/C1Zr1_ICSD_181093,225,cF8,"['C', 'Zr']","[0, 0]",0,,,-0.812497,2,26.3551,,,,,
C1Zr1,aflow:969c7b54042836b7,aflowlib.duke.edu:AFLOWDATA/ICSD_WEB/FCC/C1Zr1_ICSD_619156,225,cF8,"['C', 'Zr']","[0, 0]",0,,,-0.812584,2,26.3638,,,,,
C1Zr1,aflow:9b3347c081b24034,aflowlib.duke.edu:AFLOWDATA/ICSD_WEB/FCC/C1Zr1_ICSD_619163,225,cF8,"['C', 'Zr']","[0, 0]",0,,,-0.812553,2,26.3489,,,,,
C1Zr1,aflow:9b50ad20510e7cf6,aflowlib.duke.edu:AFLOWDATA/ICSD_WEB/FCC/C1Zr1_ICSD_619152,225,cF8,"['C', 'Zr']","[0, 0]",0,,,-0.812584,2,26.3623,,,,,
C1Zr1,aflow:b0cbd003f5b198c0,aflowlib.duke.edu:AFLOWDATA/ICSD_WEB/FCC/C1Zr1_ICSD_619150,225,cF8,"['C', 'Zr']","[0, 0]",0,,,-0.812585,2,26.3608,,,,,
C1Zr1,aflow:b197dbd0d14a2d09,aflowlib.duke.edu:AFLOWDATA/ICSD_WEB/FCC/C1Zr1_ICSD_619169,225,cF8,"['C', 'Zr']","[0, 0]",0,,,-0.812584,2,26.3567,,,,,
C1Zr1,aflow:b25daffa5043bc2c,aflowlib.duke.edu:AFLOWDATA/ICSD_WEB/FCC/C1Zr1_ICSD_619157,225,cF8,"['C', 'Zr']","[0, 0]",0,,,-0.812584,2,26.3567,,,,,
C1Zr1,aflow:b652e182b2677f30,aflowlib.duke.edu:AFLOWDATA/ICSD_WEB/FCC/C1Zr1_ICSD_159874,225,cF8,"['C', 'Zr']","[0, 0]",0,2.18376e-05,671.904,-0.812584,2,26.3573,220.867,0.212686,156.986,380.749,67.4411
C1Zr1,aflow:bf9684dfac10bd96,aflowlib.duke.edu:AFLOWDATA/ICSD_WEB/FCC/C1Zr1_ICSD_619178,225,cF8,"['C', 'Zr']","[0, 0]",0,,,-0.812584,2,26.3567,,,,,
C1Zr1,aflow:c1548f00c3b2c8cd,aflowlib.duke.edu:AFLOWDATA/ICSD_WEB/FCC/C1Zr1_ICSD_658333,225,cF8,"['C', 'Zr']","[0, 0]",0,,,-0.812584,2,26.3564,,,,,
C1Zr1,aflow:cf2bfe97c7eb6a5c,aflowlib.duke.edu:AFLOWDATA/ICSD_WEB/FCC/C1Zr1_ICSD_619160,225,cF8,"['C', 'Zr']","[0, 0]",0,,,-0.812584,2,26.3568,,,,,
C1Zr1,aflow:d25e10e9355a2583,aflowlib.duke.edu:AFLOWDATA/ICSD_WEB/FCC/C1Zr1_ICSD_183161,225,cF8,"['C', 'Zr']","[0, 0]",0,,,-0.812473,2,26.3503,,,,,
C1Zr1,aflow:eb512a6ba49ae3b7,aflowlib.duke.edu:AFLOWDATA/ICSD_WEB/FCC/C1Zr1_ICSD_44730,225,cF8,"['C', 'Zr']","[0, 0]",0,,,-0.812584,2,26.3635,,,,,
C1Zr1,aflow:ef852882fb4823d8,aflowlib.duke.edu:AFLOWDATA/ICSD_WEB/FCC/C1Zr1_ICSD_658395,225,cF8,"['C', 'Zr']","[0, 0]",0,,,-0.812584,2,26.357,,,,,
C1Zr1,aflow:f0ed850811f6ae04,aflowlib.duke.edu:AFLOWDATA/ICSD_WEB/FCC/C1Zr1_ICSD_619147,225,cF8,"['C', 'Zr']","[0, 0]",0,,,-0.812582,2,26.3531,,,,,
C1Zr1,aflow:f2476f0b8c1c6818,aflowlib.duke.edu:AFLOWDATA/ICSD_WEB/FCC/C1Zr1_ICSD_181788,225,cF8,"['C', 'Zr']","[0, 0]",0,,,-0.812472,2,26.3536,,,,,
C1Zr1,aflow:f2964dfcf8a3da8a,aflowlib.duke.edu:AFLOWDATA/ICSD_WEB/FCC/C1Zr1_ICSD_619151,225,cF8,"['C', 'Zr']","[0, 0]",0,,,-0.812584,2,26.3627,,,,,
C1Zr1,aflow:f6e9f5bb1bc2d52a,aflowlib.duke.edu:AFLOWDATA/ICSD_WEB/FCC/C1Zr1_ICSD_181141,225,cF8,"['C', 'Zr']","[0, 0]",0,,,-0.812472,2,26.3535,,,,,
C1Zr1,aflow:fd9dcba419a72837,aflowlib.duke.edu:AFLOWDATA/ICSD_WEB/FCC/C1Zr1_ICSD_619179,225,cF8,"['C', 'Zr']","[0, 0]",0,,,-0.812584,2,26.3577,,,,,
C8Ti8,aflow:9ae6f8178d99d037,aflowlib.duke.edu:AFLOWDATA/ICSD_WEB/FCC/C1Ti1_ICSD_618950,225,cF8,"['C', 'Ti']","[0, 0]",0,,,,16,170.733,,,,,
